Workbook

Sheet Attendance
A1: Click here for guidelines to fill out this sheet along with videos | F1: This section will be filled by QAE on the batch start date
D2: Trainer Name | F2: M Vikram | AB2: Start Date | AD2: 46171
AH3: Click Here to Upload the Photograph | AL3: Click Here to Upload the Photograph | AP3: Click Here to Upload the Photograph | AT3: Click Here to Upload the Photograph | AX3: Click Here to Upload the Photograph | BB3: Click Here to Upload the Photograph | BF3: Click Here to Upload the Photograph | BJ3: Click Here to Upload the Photograph | BN3: Click Here to Upload the Photograph | BR3: Click Here to Upload the Photograph | BW3: Click Here to Upload the Photograph | CA3: Click Here to Upload the Photograph | CE3: Click Here to Upload the Photograph | CI3: Click Here to Upload the Photograph | CM3: Click Here to Upload the Photograph | CQ3: Click Here to Upload the Photograph | CU3: Click Here to Upload the Photograph | CY3: Click Here to Upload the Photograph | DC3: Click Here to Upload the Photograph | DG3: Click Here to Upload the Photograph | DK3: Click Here to Upload the Photograph | DO3: Click Here to Upload the Photograph | DS3: Click Here to Upload the Photograph | DW3: Click Here to Upload the Photograph | EA3: Click Here to Upload the Photograph | EE3: Click Here to Upload the Photograph | EI3: Click Here to Upload the Photograph | EM3: Click Here to Upload the Photograph | EQ3: Click Here to Upload the Photograph | EU3: Click Here to Upload the Photograph | EZ3: Click Here to Upload the Photograph | FD3: Click Here to Upload the Photograph | FH3: Click Here to Upload the Photograph | FL3: Click Here to Upload the Photograph | FP3: Click Here to Upload the Photograph | FT3: Click Here to Upload the Photograph | FX3: Click Here to Upload the Photograph | GB3: Click Here to Upload the Photograph | GF3: Click Here to Upload the Photograph | GJ3: Click Here to Upload the Photograph | GN3: Click Here to Upload the Photograph | GR3: Click Here to Upload the Photograph | GV3: Click Here to Upload the Photograph | GZ3: Click Here to Upload the Photograph | HD3: Click Here to Upload the Photograph | HH3: Click Here to Upload the Photograph | HL3: Click Here to Upload the Photograph | HP3: Click Here to Upload the Photograph | HT3: Click Here to Upload the Photograph | HX3: Click Here to Upload the Photograph | IB3: Click Here to Upload the Photograph | IF3: Click Here to Upload the Photograph | IJ3: Click Here to Upload the Photograph | IN3: Click Here to Upload the Photograph | IR3: Click Here to Upload the Photograph | IV3: Click Here to Upload the Photograph | IZ3: Click Here to Upload the Photograph | JD3: Click Here to Upload the Photograph | JH3: Click Here to Upload the Photograph | JL3: Click Here to Upload the Photograph | JP3: Click Here to Upload the Photograph | JT3: Click Here to Upload the Photograph | JX3: Click Here to Upload the Photograph | KB3: Click Here to Upload the Photograph | KF3: Click Here to Upload the Photograph | KJ3: Click Here to Upload the Photograph | KN3: Click Here to Upload the Photograph | KR3: Click Here to Upload the Photograph | KV3: Click Here to Upload the Photograph | KZ3: Click Here to Upload the Photograph | LD3: Click Here to Upload the Photograph | LH3: Click Here to Upload the Photograph | LL3: Click Here to Upload the Photograph | LP3: Click Here to Upload the Photograph | LT3: Click Here to Upload the Photograph | LX3: Click Here to Upload the Photograph | MB3: Click Here to Upload the Photograph | MF3: Click Here to Upload the Photograph | MJ3: Click Here to Upload the Photograph | MN3: Click Here to Upload the Photograph | MR3: Click Here to Upload the Photograph | MV3: Click Here to Upload the Photograph | MZ3: Click Here to Upload the Photograph | ND3: Click Here to Upload the Photograph | NH3: Click Here to Upload the Photograph | NL3: Click Here to Upload the Photograph | NP3: Click Here to Upload the Photograph | NT3: Click Here to Upload the Photograph | NX3: Click Here to Upload the Photograph
D4: Language | AB4: End Date | AD4: =AD2+89 -> 46260 | AH4: Note: Please update the dates in the below rows only for the days when sessions are delivered (consider only working/training days). Do not enter dates for holidays or non-training days. Also, kindly avoid leaving any cells blank with dates, as it may cause errors in aspirant attendance percentage. | BV4: Aspirant Skillfy App Downloaded or Not | EY4: Number of Courses Completed in Skillfy App
D5: Aspirants Base Centres | F5: CFRSI - Chennai-Batch-1 | AD5: Fill date (DD-MM-YY) | AH5: =AD2 -> 46171 | AL5: =AH5+1 -> 46172 | AP5: 46174 | AT5: =AP5+1 -> 46175 | AX5: =AT5+1 -> 46176 | BB5: =AX5+1 -> 46177 | BF5: =BB5+1 -> 46178 | BJ5: 46181 | BN5: =BJ5+1 -> 46182 | BR5: =BN5+1 -> 46183 | BW5: 46184 | CA5: 46185 | CE5: 46186 | CI5: 46188 | CM5: 46189 | CQ5: 46190 | CU5: 46191 | CY5: 46192 | DC5: 46195 | DG5: 46196 | DK5: 46197 | DO5: 46198 | DS5: 46199 | DW5: 46200 | EA5: 46202 | EE5: 46203 | EI5: 46204 | EM5: 46205 | EQ5: 46206 | EU5: 46209 | EY5: 46210 | FC5: 46211 | FH5: 46212 | FL5: 46213 | FP5: 46214 | FT5: 46216 | FX5: 46217 | GB5: 46218 | GF5: 46219 | GJ5: 46220 | GN5: 46223 | GR5: 46224 | GV5: 46225 | GZ5: 46226 | HD5: 46227 | HH5: 46228 | HL5: 46230
F6: All these cells will be generated automatically
A7: Sr No. | B7: Asp ID | C7: Email | D7: Name | E7: SS | F7: CS | G7: ML | H7: CE | I7: AP | J7: Ad.Exl | K7: CES | L7: PT | M7: IS | N7: DS | O7: SB | P7: MTP | Q7: PS | R7: NY | S7: PY | T7: SQL | U7: GO | V7: Ab | W7: SP | X7: EP | Y7: TP | Z7: QAE | AA7: Skillfy App Downloaded or Not | AB7: Courses Completed in Skillfy App | AC7: Total Sessions | AD7: Sessions Attended | AE7: No of Days Attended | AF7: Day Wise Attendance % | AG7: Session Wise Arrendance % | AH7: S-1 | AI7: S-2 | AJ7: S-3 | AK7: S-4 | AL7: S-1 | AM7: S-2 | AN7: S-3 | AO7: S-4 | AP7: S-1 | AQ7: S-2 | AR7: S-3 | AS7: S-4 | AT7: S-1 | AU7: S-2 | AV7: S-3 | AW7: S-4 | AX7: S-1 | AY7: S-2 | AZ7: S-3 | BA7: S-4 | BB7: S-1 | BC7: S-2 | BD7: S-3 | BE7: S-4 | BF7: S-1 | BG7: S-2 | BH7: S-3 | BI7: S-4 | BJ7: S-1 | BK7: S-2 | BL7: S-3 | BM7: S-4 | BN7: S-1 | BO7: S-2 | BP7: S-3 | BQ7: S-4 | BR7: S-1 | BS7: S-2 | BT7: S-3 | BU7: S-4 | BW7: S-1 | BX7: S-2 | BY7: S-3 | BZ7: S-4 | CA7: S-1 | CB7: S-2 | CC7: S-3 | CD7: S-4 | CE7: S-1 | CF7: S-2 | CG7: S-3 | CH7: S-4 | CI7: S-1 | CJ7: S-2 | CK7: S-3 | CL7: S-4 | CM7: S-1 | CN7: S-2 | CO7: S-3 | CP7: S-4 | CQ7: S-1 | CR7: S-2 | CS7: S-3 | CT7: S-4 | CU7: S-1 | CV7: S-2 | CW7: S-3 | CX7: S-4 | CY7: S-1 | CZ7: S-2 | DA7: S-3 | DB7: S-4 | DC7: S-1 | DD7: S-1 | DE7: S-3 | DF7: S-4 | DG7: S-1 | DH7: S-2 | DI7: S-3 | DJ7: S-4 | DK7: S-1 | DL7: S-2 | DM7: S-3 | DN7: S-4 | DO7: S-1 | DP7: S-2 | DQ7: S-3 | DR7: S-4 | DS7: S-1 | DT7: S-2 | DU7: S-3 | DV7: S-4 | DW7: S-1 | DX7: S-2 | DY7: S-3 | DZ7: S-4 | EA7: S-1 | EB7: S-2 | EC7: S-3 | ED7: S-4 | EE7: S-1 | EF7: S-2 | EG7: S-3 | EH7: S-4 | EI7: S-1 | EJ7: S-2 | EK7: S-3 | EL7: S-4 | EM7: S-1 | EN7: S-2 | EO7: S-3 | EP7: S-4 | EQ7: S-1 | ER7: S-2 | ES7: S-3 | ET7: S-4 | EU7: S-1 | EV7: S-2 | EW7: S-3 | EX7: S-4 | EZ7: S-1 | FA7: S-2 | FB7: S-3 | FC7: S-4 | FD7: S-1 | FE7: S-2 | FF7: S-3 | FG7: S-4 | FH7: S-1 | FI7: S-2 | FJ7: S-3 | FK7: S-4 | FL7: S-1 | FM7: S-2 | FN7: S-3 | FO7: S-4 | FP7: S-1 | FQ7: S-2 | FR7: S-3 | FS7: S-4 | FT7: S-1 | FU7: S-2 | FV7: S-3 | FW7: S-4 | FX7: S-1 | FY7: S-2 | FZ7: S-3 | GA7: S-4 | GB7: S-1 | GC7: S-2 | GD7: S-3 | GE7: S-4 | GF7: S-1 | GG7: S-2 | GH7: S-3 | GI7: S-4 | GJ7: S-1 | GK7: S-2 | GL7: S-3 | GM7: S-4 | GN7: S-1 | GO7: S-2 | GP7: S-3 | GQ7: S-4 | GR7: S-1 | GS7: S-2 | GT7: S-3 | GU7: S-4 | GV7: S-1 | GW7: S-2 | GX7: S-3 | GY7: S-4 | GZ7: S-1 | HA7: S-2 | HB7: S-3 | HC7: S-4 | HD7: S-1 | HE7: S-2 | HF7: S-3 | HG7: S-4 | HH7: S-1 | HI7: S-2 | HJ7: S-3 | HK7: S-4 | HL7: S-1 | HM7: S-2 | HN7: S-3 | HO7: S-4 | HP7: S-1 | HQ7: S-2 | HR7: S-3 | HS7: S-4 | HT7: S-1 | HU7: S-2 | HV7: S-3 | HW7: S-4 | HX7: S-1 | HY7: S-2 | HZ7: S-3 | IA7: S-4 | IB7: S-1 | IC7: S-2 | ID7: S-3 | IE7: S-4 | IF7: S-1 | IG7: S-2 | IH7: S-3 | II7: S-4 | IJ7: S-1 | IK7: S-2 | IL7: S-3 | IM7: S-4 | IN7: S-1 | IO7: S-2 | IP7: S-3 | IQ7: S-4 | IR7: S-1 | IS7: S-2 | IT7: S-3 | IU7: S-4 | IV7: S-1 | IW7: S-2 | IX7: S-3 | IY7: S-4 | IZ7: S-1 | JA7: S-2 | JB7: S-3 | JC7: S-4 | JD7: S-1 | JE7: S-2 | JF7: S-3 | JG7: S-4 | JH7: S-1 | JI7: S-2 | JJ7: S-3 | JK7: S-4 | JL7: S-1 | JM7: S-2 | JN7: S-3 | JO7: S-4 | JP7: S-1 | JQ7: S-2 | JR7: S-3 | JS7: S-4 | JT7: S-1 | JU7: S-2 | JV7: S-3 | JW7: S-4 | JX7: S-1 | JY7: S-2 | JZ7: S-3 | KA7: S-4 | KB7: S-1 | KC7: S-2 | KD7: S-3 | KE7: S-4 | KF7: S-1 | KG7: S-2 | KH7: S-3 | KI7: S-4 | KJ7: S-1 | KK7: S-2 | KL7: S-3 | KM7: S-4 | KN7: S-1 | KO7: S-2 | KP7: S-3 | KQ7: S-4 | KR7: S-1 | KS7: S-2 | KT7: S-3 | KU7: S-4 | KV7: S-1 | KW7: S-2 | KX7: S-3 | KY7: S-4 | KZ7: S-1 | LA7: S-2 | LB7: S-3 | LC7: S-4 | LD7: S-1 | LE7: S-2 | LF7: S-3 | LG7: S-4 | LH7: S-1 | LI7: S-2 | LJ7: S-3 | LK7: S-4 | LL7: S-1 | LM7: S-2 | LN7: S-3 | LO7: S-4 | LP7: S-1 | LQ7: S-2 | LR7: S-3 | LS7: S-4 | LT7: S-1 | LU7: S-2 | LV7: S-3 | LW7: S-4 | LX7: S-1 | LY7: S-2 | LZ7: S-3 | MA7: S-4 | MB7: S-1 | MC7: S-2 | MD7: S-3 | ME7: S-4 | MF7: S-1 | MG7: S-2 | MH7: S-3 | MI7: S-4 | MJ7: S-1 | MK7: S-2 | ML7: S-3 | MM7: S-4 | MN7: S-1 | MO7: S-2 | MP7: S-3 | MQ7: S-4 | MR7: S-1 | MS7: S-2 | MT7: S-3 | MU7: S-4 | MV7: S-1 | MW7: S-2 | MX7: S-3 | MY7: S-4 | MZ7: S-1 | NA7: S-2 | NB7: S-3 | NC7: S-4 | ND7: S-1 | NE7: S-2 | NF7: S-3 | NG7: S-4 | NH7: S-1 | NI7: S-2 | NJ7: S-3 | NK7: S-4 | NL7: S-1 | NM7: S-2 | NN7: S-3 | NO7: S-4 | NP7: S-1 | NQ7: S-2 | NR7: S-3 | NS7: S-4 | NT7: S-1 | NU7: S-2 | NV7: S-3 | NW7: S-4 | NX7: S-1 | NY7: S-2 | NZ7: S-3 | OA7: S-4 | OB7: S-1 | OC7: S-2 | OD7: S-3 | OE7: S-4 | OF7: S-1 | OG7: S-2 | OH7: S-3 | OI7: S-4 | OJ7: S-1 | OK7: S-2 | OL7: S-3 | OM7: S-4 | ON7: S-1 | OO7: S-2 | OP7: S-3 | OQ7: S-4 | OR7: S-1 | OS7: S-2 | OT7: S-3 | OU7: S-4 | OV7: S-1 | OW7: S-2 | OX7: S-3 | OY7: S-4 | OZ7: S-1 | PA7: S-2 | PB7: S-3 | PC7: S-4 | PD7: S-1 | PE7: S-2 | PF7: S-3 | PG7: S-4
A8: 1 | B8: 351008 | C8: kishorekumarr307@gmail.com | D8: Kishorekumar R | E8: =IF(COUNTIF($AH8:$UG8,E$7)=0,"",COUNTIF($AH8:$UG8,E$7)) | F8: =IF(COUNTIF($AH8:$UG8,F$7)=0,"",COUNTIF($AH8:$UG8,F$7)) | G8: =IF(COUNTIF($AH8:$UG8,G$7)=0,"",COUNTIF($AH8:$UG8,G$7)) -> 11 | H8: =IF(COUNTIF($AH8:$UG8,H$7)=0,"",COUNTIF($AH8:$UG8,H$7)) | I8: =IF(COUNTIF($AH8:$UG8,I$7)=0,"",COUNTIF($AH8:$UG8,I$7)) | J8: =IF(COUNTIF($AH8:$UG8,J$7)=0,"",COUNTIF($AH8:$UG8,J$7)) | K8: =IF(COUNTIF($AH8:$UG8,K$7)=0,"",COUNTIF($AH8:$UG8,K$7)) -> 30 | L8: =IF(COUNTIF($AH8:$UG8,L$7)=0,"",COUNTIF($AH8:$UG8,L$7)) | ... Z8: =IF(COUNTIF($AH8:$UG8,Z$7)=0,"",COUNTIF($AH8:$UG8,Z$7)) | AA8: =BV8 -> Yes | AB8: =EY8 -> 0 | AC8: =IF(SUM(E8:Z8)=0,"",SUM(E8:Z8)) -> 172 | AD8: =IF(SUM(E8:Z8)>=1,AC8-SUM(V8:X8),"") -> 168 | AE8: =IF(COUNTA(AH8:UI8)=0,"",IF(COUNTA(AH8:UI8)=0,0,AG55)) -> 46 | AF8: =IF(AE8="","",AE8/((COUNTA(AH8:BU8)+COUNTA(BW8:EX8)+COUNTA(EZ8:ZYQ8))/4)) -> 1.5206612 | AG8: =IF(AD8="","",AD8/AC8) -> 0.97674419 | AH8: PY | AI8: PY | AJ8: PY | AK8: PY | AL8: PY | AM8: PY | AN8: PY | AO8: PY | AP8: PY | AQ8: GO | AR8: PY | AS8: PY | AT8: PY | AU8: PY | AV8: PY | AW8: PY | AX8: PY | AY8: CES | AZ8: PY | BA8: PY | BB8: PY | BC8: PY | BD8: PY | BE8: PY | BF8: PY | BG8: CES | BH8: PY | BI8: PY | BJ8: PY | BK8: PY | BL8: PY | BM8: PY | BN8: PY | BO8: CES | BP8: PY | BQ8: PY | BR8: PY | BS8: PY | BT8: PY | BU8: PY | BV8: Yes | BW8: PY | BX8: CES | BY8: PY | BZ8: PY | CA8: PY | CB8: PY | CC8: PY | CD8: PY | CE8: PY | CF8: PY | CG8: PY | CH8: PY | CI8: PY | CJ8: PY | CK8: PY | CL8: PY | CM8: PY | CN8: CES | CO8: PY | CP8: PY | CQ8: NY | CR8: NY | CS8: NY | CT8: NY | CU8: NY | CV8: CES | CW8: NY | CX8: NY | CY8: PS | CZ8: PS | DA8: PS | DB8: PS | DC8: PS | DD8: CES | DE8: PS | DF8: PS | DG8: PS | DH8: CES | DI8: PS | DJ8: PS | DK8: PS | DL8: CES | DM8: PS | DN8: PS | DO8: PS | DP8: CES | DQ8: PS | DR8: PS | DS8: PS | DT8: CES | DU8: PS | DV8: PS | DW8: MTP | DX8: MTP | DY8: MTP | DZ8: MTP | EA8: MTP | EB8: CES | EC8: MTP | ED8: MTP | EE8: SB | EF8: CES | EG8: SB | EH8: SB | EI8: SB | EJ8: CES | EK8: SB | EL8: SB | EM8: SB | EN8: CES | EO8: SB | EP8: SB | EQ8: DS | ER8: CES | ES8: DS | ET8: DS | EU8: DS | EV8: CES | EW8: DS | EX8: DS | EZ8: DS | FA8: CES | FB8: DS | FC8: DS | FD8: DS | FE8: CES | FF8: DS | FG8: DS | FH8: IS | FI8: CES | FJ8: IS | FK8: IS | FL8: IS | FM8: CES | FN8: IS | FO8: IS | FP8: Ab | FQ8: Ab | FR8: Ab | FS8: Ab | FT8: AWS | FU8: CES | FV8: AWS | FW8: AWS | FX8: AWS | FY8: CES | FZ8: AWS | GA8: AWS | GB8: AWS | GC8: AWS | GD8: AWS | GE8: AWS | GF8: AWS | GG8: CES | GH8: AWS | GI8: AWS | GJ8: AWS | GK8: CES | GL8: AWS | GM8: AWS | GN8: SQL | GO8: CES | GP8: SQL | GQ8: SQL | GR8: SQL | GS8: CES | GT8: SQL | GU8: SQL | GV8: SQL | GW8: CES | GX8: SQL | GY8: SQL | GZ8: SQL | HA8: CES | HB8: SQL | HC8: SQL | HD8: ML | HE8: CES | HF8: ML | HG8: ML | HH8: ML | HI8: ML | HJ8: ML | HK8: ML | HL8: ML | HM8: ML | HN8: ML | HO8: ML
A9: 2 | B9: 354114 | C9: roshinimanoharan463@gmail.com | D9: Roshini M | E9: =IF(COUNTIF($AH9:$UG9,E$7)=0,"",COUNTIF($AH9:$UG9,E$7)) | F9: =IF(COUNTIF($AH9:$UG9,F$7)=0,"",COUNTIF($AH9:$UG9,F$7)) | G9: =IF(COUNTIF($AH9:$UG9,G$7)=0,"",COUNTIF($AH9:$UG9,G$7)) -> 7 | H9: =IF(COUNTIF($AH9:$UG9,H$7)=0,"",COUNTIF($AH9:$UG9,H$7)) | I9: =IF(COUNTIF($AH9:$UG9,I$7)=0,"",COUNTIF($AH9:$UG9,I$7)) | J9: =IF(COUNTIF($AH9:$UG9,J$7)=0,"",COUNTIF($AH9:$UG9,J$7)) | K9: =IF(COUNTIF($AH9:$UG9,K$7)=0,"",COUNTIF($AH9:$UG9,K$7)) -> 28 | L9: =IF(COUNTIF($AH9:$UG9,L$7)=0,"",COUNTIF($AH9:$UG9,L$7)) | ... Z9: =IF(COUNTIF($AH9:$UG9,Z$7)=0,"",COUNTIF($AH9:$UG9,Z$7)) | AA9: =BV9 -> Yes | AB9: =EY9 -> 0 | AC9: =IF(SUM(E9:Z9)=0,"",SUM(E9:Z9)) -> 172 | AD9: =IF(SUM(E9:Z9)>=1,AC9-SUM(V9:X9),"") -> 147 | AE9: =IF(COUNTA(AH9:UI9)=0,"",IF(COUNTA(AH9:UI9)=0,0,AG57)) -> 41 | AF9: =IF(AE9="","",AE9/((COUNTA(AH9:BU9)+COUNTA(BW9:EX9)+COUNTA(EZ9:#REF!))/4)) -> 1.3553719 | AG9: =IF(AD9="","",AD9/AC9) -> 0.85465116 | AH9: PY | AI9: PY | AJ9: PY | AK9: PY | AL9: PY | AM9: PY | AN9: PY | AO9: PY | AP9: PY | AQ9: GO | AR9: PY | AS9: PY | AT9: Ab | AU9: Ab | AV9: Ab | AW9: Ab | AX9: PY | AY9: CES | AZ9: PY | BA9: PY | BB9: PY | BC9: PY | BD9: PY | BE9: PY | BF9: PY | BG9: CES | BH9: PY | BI9: PY | BJ9: Ab | BK9: Ab | BL9: Ab | BM9: Ab | BN9: PY | BO9: CES | BP9: PY | BQ9: PY | BR9: PY | BS9: PY | BT9: PY | BU9: PY | BV9: Yes | BW9: PY | BX9: CES | BY9: PY | BZ9: PY | CA9: PY | CB9: PY | CC9: PY | CD9: PY | CE9: PY | CF9: PY | CG9: PY | CH9: PY | CI9: Ab | CJ9: Ab | CK9: Ab | CL9: Ab | CM9: PY | CN9: CES | CO9: PY | CP9: PY | CQ9: NY | CR9: NY | CS9: NY | CT9: NY | CU9: NY | CV9: CES | CW9: NY | CX9: NY | CY9: PS | CZ9: PS | DA9: PS | DB9: PS | DC9: PS | DD9: CES | DE9: PS | DF9: PS | DG9: PS | DH9: CES | DI9: PS | DJ9: PS | DK9: PS | DL9: CES | DM9: PS | DN9: PS | DO9: PS | DP9: PS | DQ9: PS | DR9: PS | DS9: PS | DT9: CES | DU9: PS | DV9: PS | DW9: MTP | DX9: MTP | DY9: MTP | DZ9: MTP | EA9: MTP | EB9: CES | EC9: MTP | ED9: MTP | EE9: SB | EF9: CES | EG9: SB | EH9: SB | EI9: SB | EJ9: CES | EK9: SB | EL9: SB | EM9: SB | EN9: CES | EO9: SB | EP9: SB | EQ9: DS | ER9: CES | ES9: DS | ET9: DS | EU9: Ab | EV9: CES | EW9: DS | EX9: DS | EZ9: DS | FA9: CES | FB9: DS | FC9: DS | FD9: DS | FE9: CES | FF9: DS | FG9: DS | FH9: IS | FI9: CES | FJ9: IS | FK9: IS | FL9: IS | FM9: CES | FN9: IS | FO9: IS | FP9: Ab | FQ9: Ab | FR9: Ab | FS9: Ab | FT9: AWS | FU9: CES | FV9: AWS | FW9: AWS | FX9: AWS | FY9: CES | FZ9: AWS | GA9: AWS | GB9: AWS | GC9: AWS | GD9: AWS | GE9: AWS | GF9: AWS | GG9: CES | GH9: AWS | GI9: AWS | GJ9: AWS | GK9: CES | GL9: AWS | GM9: AWS | GN9: SQL | GO9: CES | GP9: SQL | GQ9: SQL | GR9: Ab | GS9: Ab | GT9: Ab | GU9: Ab | GV9: SQL | GW9: CES | GX9: SQL | GY9: SQL | GZ9: SQL | HA9: CES | HB9: SQL | HC9: SQL | HD9: ML | HE9: CES | HF9: ML | HG9: ML | HH9: Ab | HI9: Ab | HJ9: Ab | HK9: Ab | HL9: ML | HM9: ML | HN9: ML | HO9: ML
A10: 3 | B10: 354882 | C10: anowindeepak@gmail.com | D10: Anowin Deepak J V | E10: =IF(COUNTIF($AH10:$UG10,E$7)=0,"",COUNTIF($AH10:$UG10,E$7)) | F10: =IF(COUNTIF($AH10:$UG10,F$7)=0,"",COUNTIF($AH10:$UG10,F$7)) | G10: =IF(COUNTIF($AH10:$UG10,G$7)=0,"",COUNTIF($AH10:$UG10,G$7)) -> 11 | H10: =IF(COUNTIF($AH10:$UG10,H$7)=0,"",COUNTIF($AH10:$UG10,H$7)) | I10: =IF(COUNTIF($AH10:$UG10,I$7)=0,"",COUNTIF($AH10:$UG10,I$7)) | J10: =IF(COUNTIF($AH10:$UG10,J$7)=0,"",COUNTIF($AH10:$UG10,J$7)) | K10: =IF(COUNTIF($AH10:$UG10,K$7)=0,"",COUNTIF($AH10:$UG10,K$7)) -> 27 | L10: =IF(COUNTIF($AH10:$UG10,L$7)=0,"",COUNTIF($AH10:$UG10,L$7)) | ... Z10: =IF(COUNTIF($AH10:$UG10,Z$7)=0,"",COUNTIF($AH10:$UG10,Z$7)) | AA10: =BV10 -> Yes | AB10: =EY10 -> 0 | AC10: =IF(SUM(E10:Z10)=0,"",SUM(E10:Z10)) -> 172 | AD10: =IF(SUM(E10:Z10)>=1,AC10-SUM(V10:X10),"") -> 155 | AE10: =IF(COUNTA(AH10:UI10)=0,"",IF(COUNTA(AH10:UI10)=0,0,AG58)) -> 43 | AF10: =IF(AE10="","",AE10/((COUNTA(AH10:BU10)+COUNTA(BW10:EX10)+COUNTA(EZ10:#REF!))/4)) -> 1.4214876 | AG10: =IF(AD10="","",AD10/AC10) -> 0.90116279 | AH10: PY | AI10: PY | AJ10: PY | AK10: PY | AL10: PY | AM10: PY | AN10: PY | AO10: PY | AP10: PY | AQ10: GO | AR10: PY | AS10: PY | AT10: PY | AU10: PY | AV10: PY | AW10: PY | AX10: PY | AY10: CES | AZ10: PY | BA10: PY | BB10: PY | BC10: PY | BD10: PY | BE10: PY | BF10: PY | BG10: CES | BH10: PY | BI10: PY | BJ10: PY | BK10: PY | BL10: PY | BM10: PY | BN10: PY | BO10: CES | BP10: PY | BQ10: PY | BR10: PY | BS10: PY | BT10: PY | BU10: PY | BV10: Yes | BW10: PY | BX10: CES | BY10: PY | BZ10: PY | CA10: Ab | CB10: Ab | CC10: Ab | CD10: Ab | CE10: PY | CF10: PY | CG10: PY | CH10: PY | CI10: PY | CJ10: PY | CK10: PY | CL10: PY | CM10: PY | CN10: CES | CO10: PY | CP10: PY | CQ10: NY | CR10: NY | CS10: NY | CT10: NY | CU10: NY | CV10: CES | CW10: NY | CX10: NY | CY10: PS | CZ10: PS | DA10: PS | DB10: PS | DC10: PS | DD10: CES | DE10: PS | DF10: PS | DG10: PS | DH10: CES | DI10: PS | DJ10: PS | DK10: Ab | DL10: Ab | DM10: Ab | DN10: Ab | DO10: PS | DP10: PS | DQ10: PS | DR10: PS | DS10: PS | DT10: CES | DU10: PS | DV10: PS | DW10: MTP | DX10: MTP | DY10: MTP | DZ10: MTP | EA10: Ab | EB10: Ab | EC10: Ab | ED10: Ab | EE10: SB | EF10: CES | EG10: SB | EH10: SB | EI10: SB | EJ10: CES | EK10: SB | EL10: SB | EM10: SB | EN10: CES | EO10: SB | EP10: SB | EQ10: DS | ER10: CES | ES10: DS | ET10: DS | EU10: Ab | EV10: CES | EW10: DS | EX10: DS | EZ10: DS | FA10: CES | FB10: DS | FC10: DS | FD10: DS | FE10: CES | FF10: DS | FG10: DS | FH10: IS | FI10: CES | FJ10: IS | FK10: IS | FL10: IS | FM10: CES | FN10: IS | FO10: IS | FP10: Ab | FQ10: Ab | FR10: Ab | FS10: Ab | FT10: AWS | FU10: CES | FV10: AWS | FW10: AWS | FX10: AWS | FY10: CES | FZ10: AWS | GA10: AWS | GB10: AWS | GC10: AWS | GD10: AWS | GE10: AWS | GF10: AWS | GG10: CES | GH10: AWS | GI10: AWS | GJ10: AWS | GK10: CES | GL10: AWS | GM10: AWS | GN10: SQL | GO10: CES | GP10: SQL | GQ10: SQL | GR10: SQL | GS10: CES | GT10: SQL | GU10: SQL | GV10: SQL | GW10: CES | GX10: SQL | GY10: SQL | GZ10: SQL | HA10: CES | HB10: SQL | HC10: SQL | HD10: ML | HE10: CES | HF10: ML | HG10: ML | HH10: ML | HI10: ML | HJ10: ML | HK10: ML | HL10: ML | HM10: ML | HN10: ML | HO10: ML
A11: 4 | B11: 357569 | C11: ajakash755@gmail.com | D11: Akash N | E11: =IF(COUNTIF($AH11:$UG11,E$7)=0,"",COUNTIF($AH11:$UG11,E$7)) | F11: =IF(COUNTIF($AH11:$UG11,F$7)=0,"",COUNTIF($AH11:$UG11,F$7)) | G11: =IF(COUNTIF($AH11:$UG11,G$7)=0,"",COUNTIF($AH11:$UG11,G$7)) -> 11 | H11: =IF(COUNTIF($AH11:$UG11,H$7)=0,"",COUNTIF($AH11:$UG11,H$7)) | I11: =IF(COUNTIF($AH11:$UG11,I$7)=0,"",COUNTIF($AH11:$UG11,I$7)) | J11: =IF(COUNTIF($AH11:$UG11,J$7)=0,"",COUNTIF($AH11:$UG11,J$7)) | K11: =IF(COUNTIF($AH11:$UG11,K$7)=0,"",COUNTIF($AH11:$UG11,K$7)) -> 29 | L11: =IF(COUNTIF($AH11:$UG11,L$7)=0,"",COUNTIF($AH11:$UG11,L$7)) | ... Z11: =IF(COUNTIF($AH11:$UG11,Z$7)=0,"",COUNTIF($AH11:$UG11,Z$7)) | AA11: =BV11 -> Yes | AB11: =EY11 -> 0 | AC11: =IF(SUM(E11:Z11)=0,"",SUM(E11:Z11)) -> 168 | AD11: =IF(SUM(E11:Z11)>=1,AC11-SUM(V11:X11),"") -> 167 | AE11: =IF(COUNTA(AH11:UI11)=0,"",IF(COUNTA(AH11:UI11)=0,0,AG59)) -> 47 | AF11: =IF(AE11="","",AE11/((COUNTA(AH11:BU11)+COUNTA(BW11:EX11)+COUNTA(EZ11:#REF!))/4)) -> 1.553719 | AG11: =IF(AD11="","",AD11/AC11) -> 0.99404762 | AH11: PY | AI11: PY | AJ11: PY | AK11: PY | AL11: PY | AM11: PY | AN11: PY | AO11: PY | AP11: PY | AQ11: GO | AR11: PY | AS11: PY | AT11: PY | AU11: PY | AV11: PY | AW11: PY | AX11: PY | AY11: CES | AZ11: PY | BA11: PY | BB11: PY | BC11: PY | BD11: PY | BE11: PY | BF11: PY | BG11: CES | BH11: PY | BI11: PY | BJ11: PY | BK11: PY | BL11: PY | BM11: PY | BN11: PY | BO11: CES | BP11: PY | BQ11: PY | BR11: PY | BS11: PY | BT11: PY | BU11: PY | BV11: Yes | BW11: PY | BX11: CES | BY11: PY | BZ11: PY | CA11: PY | CB11: PY | CC11: PY | CD11: PY | CE11: PY | CF11: PY | CG11: PY | CH11: PY | CI11: PY | CJ11: PY | CK11: PY | CL11: PY | CM11: PY | CN11: CES | CO11: PY | CP11: PY | CQ11: NY | CR11: NY | CS11: NY | CT11: NY | CU11: NY | CV11: CES | CW11: NY | CX11: NY | CY11: PS | CZ11: PS | DA11: PS | DB11: PS | DC11: PS | DD11: CES | DE11: PS | DF11: PS | DG11: PS | DH11: CES | DI11: PS | DJ11: PS | DK11: PS | DL11: CES | DM11: PS | DN11: PS | DO11: PS | DP11: PS | DQ11: PS | DR11: PS | DS11: PS | DT11: CES | DU11: PS | DV11: PS | DW11: MTP | DX11: MTP | DY11: MTP | DZ11: MTP | EA11: MTP | EB11: CES | EC11: MTP | ED11: MTP | EE11: SB | EF11: CES | EG11: SB | EH11: SB | EI11: SB | EJ11: CES | EK11: SB | EL11: SB | EM11: SB | EN11: CES | EO11: SB | EP11: SB | EQ11: DS | ER11: CES | ES11: DS | ET11: DS | EU11: Ab | EV11: CES | EW11: DS | EX11: DS | EZ11: DS | FA11: CES | FB11: DS | FC11: DS | FD11: DS | FE11: CES | FF11: DS | FG11: DS | FH11: IS | FI11: CES | FJ11: IS | FK11: IS | FL11: IS | FM11: CES | FN11: IS | FO11: IS | FP11: AWS | FQ11: AWS | FR11: AWS | FS11: AWS | FT11: AWS | FU11: CES | FV11: AWS | FW11: AWS | FX11: AWS | FY11: CES | FZ11: AWS | GA11: AWS | GB11: AWS | GC11: AWS | GD11: AWS | GE11: AWS | GF11: AWS | GG11: CES | GH11: AWS | GI11: AWS | GJ11: AWS | GK11: CES | GL11: AWS | GM11: AWS | GN11: SQL | GO11: CES | GP11: SQL | GQ11: SQL | GR11: SQL | GS11: CES | GT11: SQL | GU11: SQL | GV11: SQL | GW11: CES | GX11: SQL | GY11: SQL | GZ11: SQL | HA11: CES | HB11: SQL | HC11: SQL | HD11: ML | HE11: CES | HF11: ML | HG11: ML | HH11: ML | HI11: ML | HJ11: ML | HK11: ML | HL11: ML | HM11: ML | HN11: ML | HO11: ML
A12: 5 | B12: 357670 | C12: kerthikaa.m@gmail.com | D12: M Kerthikaa | E12: =IF(COUNTIF($AH12:$UG12,E$7)=0,"",COUNTIF($AH12:$UG12,E$7)) | F12: =IF(COUNTIF($AH12:$UG12,F$7)=0,"",COUNTIF($AH12:$UG12,F$7)) | G12: =IF(COUNTIF($AH12:$UG12,G$7)=0,"",COUNTIF($AH12:$UG12,G$7)) -> 7 | H12: =IF(COUNTIF($AH12:$UG12,H$7)=0,"",COUNTIF($AH12:$UG12,H$7)) | I12: =IF(COUNTIF($AH12:$UG12,I$7)=0,"",COUNTIF($AH12:$UG12,I$7)) | J12: =IF(COUNTIF($AH12:$UG12,J$7)=0,"",COUNTIF($AH12:$UG12,J$7)) | K12: =IF(COUNTIF($AH12:$UG12,K$7)=0,"",COUNTIF($AH12:$UG12,K$7)) -> 24 | L12: =IF(COUNTIF($AH12:$UG12,L$7)=0,"",COUNTIF($AH12:$UG12,L$7)) | ... Z12: =IF(COUNTIF($AH12:$UG12,Z$7)=0,"",COUNTIF($AH12:$UG12,Z$7)) | AA12: =BV12 -> Yes | AB12: =EY12 -> 0 | AC12: =IF(SUM(E12:Z12)=0,"",SUM(E12:Z12)) -> 171 | AD12: =IF(SUM(E12:Z12)>=1,AC12-SUM(V12:X12),"") -> 146 | AE12: =IF(COUNTA(AH12:UI12)=0,"",IF(COUNTA(AH12:UI12)=0,0,AG60)) -> 41 | AF12: =IF(AE12="","",AE12/((COUNTA(AH12:BU12)+COUNTA(BW12:EX12)+COUNTA(EZ12:#REF!))/4)) -> 1.3553719 | AG12: =IF(AD12="","",AD12/AC12) -> 0.85380117 | AH12: PY | AI12: PY | AJ12: PY | AK12: PY | AL12: PY | AM12: PY | AN12: PY | AO12: PY | AP12: PY | AQ12: GO | AR12: PY | AS12: PY | AT12: PY | AU12: PY | AV12: PY | AW12: PY | AX12: PY | AY12: CES | AZ12: PY | BA12: PY | BB12: PY | BC12: PY | BD12: PY | BE12: PY | BF12: PY | BG12: CES | BH12: PY | BI12: PY | BJ12: PY | BK12: PY | BL12: PY | BM12: PY | BN12: PY | BO12: CES | BP12: PY | BQ12: PY | BR12: PY | BS12: PY | BT12: PY | BU12: PY | BV12: Yes | BW12: PY | BX12: CES | BY12: PY | BZ12: PY | CA12: PY | CB12: PY | CC12: PY | CD12: PY | CE12: PY | CF12: PY | CG12: PY | CH12: PY | CI12: PY | CJ12: PY | CK12: PY | CL12: PY | CM12: Ab | CN12: Ab | CO12: Ab | CP12: Ab | CQ12: NY | CR12: NY | CS12: NY | CT12: NY | CU12: Ab | CV12: Ab | CW12: Ab | CX12: Ab | CY12: PS | CZ12: PS | DA12: PS | DB12: PS | DC12: Ab | DD12: Ab | DE12: Ab | DF12: Ab | DG12: PS | DH12: CES | DI12: PS | DJ12: PS | DK12: PS | DL12: CES | DM12: PS | DN12: PS | DO12: PS | DP12: PS | DQ12: PS | DR12: PS | DS12: PS | DT12: CES | DU12: PS | DV12: PS | DW12: MTP | DX12: MTP | DY12: MTP | DZ12: MTP | EA12: MTP | EB12: CES | EC12: MTP | ED12: MTP | EE12: SB | EF12: CES | EG12: SB | EH12: SB | EI12: SB | EJ12: CES | EK12: SB | EL12: SB | EM12: SB | EN12: CES | EO12: SB | EP12: SB | EQ12: DS | ER12: CES | ES12: DS | ET12: DS | EU12: Ab | EV12: CES | EW12: DS | EX12: DS | EZ12: DS | FA12: CES | FB12: DS | FC12: DS | FD12: DS | FE12: CES | FF12: DS | FG12: DS | FH12: IS | FI12: CES | FJ12: IS | FK12: IS | FL12: IS | FM12: CES | FN12: IS | FO12: IS | FP12: AWS | FQ12: AWS | FR12: AWS | FS12: AWS | FT12: AWS | FU12: CES | FV12: AWS | FW12: AWS | FX12: AWS | FY12: CES | FZ12: AWS | GA12: AWS | GB12: AWS | GC12: AWS | GD12: AWS | GE12: AWS | GF12: Ab | GG12: Ab | GH12: Ab | GI12: Ab | GJ12: AWS | GK12: CES | GL12: AWS | GM12: AWS | GN12: Ab | GO12: Ab | GP12: Ab | GQ12: Ab | GR12: SQL | GS12: CES | GT12: SQL | GU12: SQL | GV12: SQL | GW12: CES | GX12: SQL | GY12: SQL | GZ12: SQL | HA12: CES | HB12: SQL | HC12: SQL | HD12: ML | HE12: CES | HF12: ML | HG12: ML | HH12: Ab | HI12: Ab | HJ12: Ab | HK12: Ab | HL12: ML | HM12: ML | HN12: ML | HO12: ML
A13: 6 | B13: 358104 | C13: jvishal12998@gmail.com | D13: Vishal C J | E13: =IF(COUNTIF($AH13:$UG13,E$7)=0,"",COUNTIF($AH13:$UG13,E$7)) | F13: =IF(COUNTIF($AH13:$UG13,F$7)=0,"",COUNTIF($AH13:$UG13,F$7)) | G13: =IF(COUNTIF($AH13:$UG13,G$7)=0,"",COUNTIF($AH13:$UG13,G$7)) -> 7 | H13: =IF(COUNTIF($AH13:$UG13,H$7)=0,"",COUNTIF($AH13:$UG13,H$7)) | I13: =IF(COUNTIF($AH13:$UG13,I$7)=0,"",COUNTIF($AH13:$UG13,I$7)) | J13: =IF(COUNTIF($AH13:$UG13,J$7)=0,"",COUNTIF($AH13:$UG13,J$7)) | K13: =IF(COUNTIF($AH13:$UG13,K$7)=0,"",COUNTIF($AH13:$UG13,K$7)) -> 28 | L13: =IF(COUNTIF($AH13:$UG13,L$7)=0,"",COUNTIF($AH13:$UG13,L$7)) | ... Z13: =IF(COUNTIF($AH13:$UG13,Z$7)=0,"",COUNTIF($AH13:$UG13,Z$7)) | AA13: =BV13 -> Yes | AB13: =EY13 -> 0 | AC13: =IF(SUM(E13:Z13)=0,"",SUM(E13:Z13)) -> 175 | AD13: =IF(SUM(E13:Z13)>=1,AC13-SUM(V13:X13),"") -> 158 | AE13: =IF(COUNTA(AH13:UI13)=0,"",IF(COUNTA(AH13:UI13)=0,0,AG61)) -> 43 | AF13: =IF(AE13="","",AE13/((COUNTA(AH13:BU13)+COUNTA(BW13:EX13)+COUNTA(EZ13:#REF!))/4)) -> 1.4214876 | AG13: =IF(AD13="","",AD13/AC13) -> 0.90285714 | AH13: PY | AI13: PY | AJ13: PY | AK13: PY | AL13: PY | AM13: PY | AN13: PY | AO13: PY | AP13: PY | AQ13: GO | AR13: PY | AS13: PY | AT13: PY | AU13: PY | AV13: PY | AW13: PY | AX13: PY | AY13: CES | AZ13: PY | BA13: PY | BB13: PY | BC13: PY | BD13: PY | BE13: PY | BF13: PY | BG13: CES | BH13: PY | BI13: PY | BJ13: Ab | BK13: Ab | BL13: Ab | BM13: Ab | BN13: PY | BO13: CES | BP13: PY | BQ13: PY | BR13: PY | BS13: PY | BT13: PY | BU13: PY | BV13: Yes | BW13: PY | BX13: CES | BY13: PY | BZ13: PY | CA13: PY | CB13: PY | CC13: PY | CD13: PY | CE13: PY | CF13: PY | CG13: PY | CH13: PY | CI13: PY | CJ13: PY | CK13: PY | CL13: PY | CM13: PY | CN13: CES | CO13: PY | CP13: PY | CQ13: NY | CR13: NY | CS13: NY | CT13: NY | CU13: NY | CV13: CES | CW13: NY | CX13: NY | CY13: PS | CZ13: PS | DA13: PS | DB13: PS | DC13: PS | DD13: CES | DE13: PS | DF13: PS | DG13: PS | DH13: CES | DI13: PS | DJ13: PS | DK13: PS | DL13: CES | DM13: PS | DN13: PS | DO13: PS | DP13: PS | DQ13: PS | DR13: PS | DS13: PS | DT13: CES | DU13: PS | DV13: PS | DW13: MTP | DX13: MTP | DY13: MTP | DZ13: MTP | EA13: MTP | EB13: CES | EC13: MTP | ED13: MTP | EE13: SB | EF13: CES | EG13: SB | EH13: SB | EI13: SB | EJ13: CES | EK13: SB | EL13: SB | EM13: SB | EN13: CES | EO13: SB | EP13: SB | EQ13: DS | ER13: CES | ES13: DS | ET13: DS | EU13: Ab | EV13: CES | EW13: DS | EX13: DS | EZ13: DS | FA13: CES | FB13: DS | FC13: DS | FD13: DS | FE13: CES | FF13: DS | FG13: DS | FH13: IS | FI13: CES | FJ13: IS | FK13: IS | FL13: IS | FM13: CES | FN13: IS | FO13: IS | FP13: Ab | FQ13: Ab | FR13: Ab | FS13: Ab | FT13: AWS | FU13: CES | FV13: AWS | FW13: AWS | FX13: Ab | FY13: Ab | FZ13: Ab | GA13: Ab | GB13: AWS | GC13: AWS | GD13: AWS | GE13: AWS | GF13: AWS | GG13: CES | GH13: AWS | GI13: AWS | GJ13: AWS | GK13: CES | GL13: AWS | GM13: AWS | GN13: SQL | GO13: CES | GP13: SQL | GQ13: SQL | GR13: SQL | GS13: CES | GT13: SQL | GU13: SQL | GV13: SQL | GW13: CES | GX13: SQL | GY13: SQL | GZ13: SQL | HA13: CES | HB13: SQL | HC13: SQL | HD13: ML | HE13: CES | HF13: ML | HG13: ML | HH13: Ab | HI13: Ab | HJ13: Ab | HK13: Ab | HL13: ML | HM13: ML | HN13: ML | HO13: ML
A14: 7 | B14: 358147 | C14: buvaneshbuvi19@gmail.com | D14: Buvanesh M | E14: =IF(COUNTIF($AH14:$UG14,E$7)=0,"",COUNTIF($AH14:$UG14,E$7)) | F14: =IF(COUNTIF($AH14:$UG14,F$7)=0,"",COUNTIF($AH14:$UG14,F$7)) | G14: =IF(COUNTIF($AH14:$UG14,G$7)=0,"",COUNTIF($AH14:$UG14,G$7)) -> 11 | H14: =IF(COUNTIF($AH14:$UG14,H$7)=0,"",COUNTIF($AH14:$UG14,H$7)) | I14: =IF(COUNTIF($AH14:$UG14,I$7)=0,"",COUNTIF($AH14:$UG14,I$7)) | J14: =IF(COUNTIF($AH14:$UG14,J$7)=0,"",COUNTIF($AH14:$UG14,J$7)) | K14: =IF(COUNTIF($AH14:$UG14,K$7)=0,"",COUNTIF($AH14:$UG14,K$7)) -> 27 | L14: =IF(COUNTIF($AH14:$UG14,L$7)=0,"",COUNTIF($AH14:$UG14,L$7)) | ... Z14: =IF(COUNTIF($AH14:$UG14,Z$7)=0,"",COUNTIF($AH14:$UG14,Z$7)) | AA14: =BV14 -> Yes | AB14: =EY14 -> 0 | AC14: =IF(SUM(E14:Z14)=0,"",SUM(E14:Z14)) -> 168 | AD14: =IF(SUM(E14:Z14)>=1,AC14-SUM(V14:X14),"") -> 152 | AE14: =IF(COUNTA(AH14:UI14)=0,"",IF(COUNTA(AH14:UI14)=0,0,AG62)) -> 43 | AF14: =IF(AE14="","",AE14/((COUNTA(AH14:BU14)+COUNTA(BW14:EX14)+COUNTA(EZ14:#REF!))/4)) -> 1.4214876 | AG14: =IF(AD14="","",AD14/AC14) -> 0.9047619 | AH14: PY | AI14: PY | AJ14: PY | AK14: PY | AL14: PY | AM14: PY | AN14: PY | AO14: PY | AP14: PY | AQ14: GO | AR14: PY | AS14: PY | AT14: Ab | AU14: Ab | AV14: Ab | AW14: Ab | AX14: PY | AY14: CES | AZ14: PY | BA14: PY | BB14: PY | BC14: PY | BD14: PY | BE14: PY | BF14: PY | BG14: CES | BH14: PY | BI14: PY | BJ14: PY | BK14: PY | BL14: PY | BM14: PY | BN14: PY | BO14: CES | BP14: PY | BQ14: PY | BR14: PY | BS14: PY | BT14: PY | BU14: PY | BV14: Yes | BW14: PY | BX14: CES | BY14: PY | BZ14: PY | CA14: PY | CB14: PY | CC14: PY | CD14: PY | CE14: PY | CF14: PY | CG14: PY | CH14: PY | CI14: PY | CJ14: PY | CK14: PY | CL14: PY | CM14: Ab | CN14: Ab | CO14: Ab | CP14: Ab | CQ14: NY | CR14: NY | CS14: NY | CT14: NY | CU14: NY | CV14: CES | CW14: NY | CX14: NY | CY14: Ab | CZ14: Ab | DA14: Ab | DB14: Ab | DC14: PS | DD14: CES | DE14: PS | DF14: PS | DG14: PS | DH14: CES | DI14: PS | DJ14: PS | DK14: PS | DL14: CES | DM14: PS | DN14: PS | DO14: PS | DP14: PS | DQ14: PS | DR14: PS | DS14: PS | DT14: CES | DU14: PS | DV14: PS | DW14: MTP | DX14: MTP | DY14: MTP | DZ14: MTP | EA14: MTP | EB14: CES | EC14: MTP | ED14: MTP | EE14: SB | EF14: CES | EG14: SB | EH14: SB | EI14: SB | EJ14: CES | EK14: SB | EL14: SB | EM14: SB | EN14: CES | EO14: SB | EP14: SB | EQ14: DS | ER14: CES | ES14: DS | ET14: DS | EU14: DS | EV14: CES | EW14: DS | EX14: DS | EZ14: DS | FA14: CES | FB14: DS | FC14: DS | FD14: DS | FE14: CES | FF14: DS | FG14: DS | FH14: IS | FI14: CES | FJ14: IS | FK14: IS | FL14: IS | FM14: CES | FN14: IS | FO14: IS | FP14: AWS | FQ14: AWS | FR14: AWS | FS14: AWS | FT14: AWS | FU14: CES | FV14: AWS | FW14: AWS | FX14: AWS | FY14: CES | FZ14: AWS | GA14: AWS | GB14: AWS | GC14: AWS | GD14: AWS | GE14: AWS | GF14: AWS | GG14: CES | GH14: AWS | GI14: AWS | GJ14: AWS | GK14: CES | GL14: AWS | GM14: AWS | GN14: Ab | GO14: Ab | GP14: Ab | GQ14: Ab | GR14: SQL | GS14: CES | GT14: SQL | GU14: SQL | GV14: SQL | GW14: CES | GX14: SQL | GY14: SQL | GZ14: SQL | HA14: CES | HB14: SQL | HC14: SQL | HD14: ML | HE14: CES | HF14: ML | HG14: ML | HH14: ML | HI14: ML | HJ14: ML | HK14: ML | HL14: ML | HM14: ML | HN14: ML | HO14: ML
A15: 8 | B15: 358516 | C15: megalameki@gmail.com | D15: Megala | E15: =IF(COUNTIF($AH15:$UG15,E$7)=0,"",COUNTIF($AH15:$UG15,E$7)) | F15: =IF(COUNTIF($AH15:$UG15,F$7)=0,"",COUNTIF($AH15:$UG15,F$7)) | G15: =IF(COUNTIF($AH15:$UG15,G$7)=0,"",COUNTIF($AH15:$UG15,G$7)) -> 3 | H15: =IF(COUNTIF($AH15:$UG15,H$7)=0,"",COUNTIF($AH15:$UG15,H$7)) | I15: =IF(COUNTIF($AH15:$UG15,I$7)=0,"",COUNTIF($AH15:$UG15,I$7)) | J15: =IF(COUNTIF($AH15:$UG15,J$7)=0,"",COUNTIF($AH15:$UG15,J$7)) | K15: =IF(COUNTIF($AH15:$UG15,K$7)=0,"",COUNTIF($AH15:$UG15,K$7)) -> 17 | L15: =IF(COUNTIF($AH15:$UG15,L$7)=0,"",COUNTIF($AH15:$UG15,L$7)) | ... Z15: =IF(COUNTIF($AH15:$UG15,Z$7)=0,"",COUNTIF($AH15:$UG15,Z$7)) | AA15: =BV15 -> Yes | AB15: =EY15 -> 0 | AC15: =IF(SUM(E15:Z15)=0,"",SUM(E15:Z15)) -> 181 | AD15: =IF(SUM(E15:Z15)>=1,AC15-SUM(V15:X15),"") -> 120 | AE15: =IF(COUNTA(AH15:UI15)=0,"",IF(COUNTA(AH15:UI15)=0,0,AG63)) -> 32 | AF15: =IF(AE15="","",AE15/((COUNTA(AH15:BU15)+COUNTA(BW15:EX15)+COUNTA(EZ15:#REF!))/4)) -> 1.0578512 | AG15: =IF(AD15="","",AD15/AC15) -> 0.66298343 | AH15: PY | AI15: PY | AJ15: PY | AK15: PY | AL15: PY | AM15: PY | AN15: PY | AO15: PY | AP15: PY | AQ15: GO | AR15: PY | AS15: PY | AT15: PY | AU15: PY | AV15: PY | AW15: PY | AX15: PY | AY15: CES | AZ15: PY | BA15: PY | BB15: PY | BC15: PY | BD15: PY | BE15: PY | BF15: PY | BG15: CES | BH15: PY | BI15: PY | BJ15: PY | BK15: PY | BL15: PY | BM15: PY | BN15: PY | BO15: CES | BP15: PY | BQ15: PY | BR15: PY | BS15: PY | BT15: PY | BU15: PY | BV15: Yes | BW15: PY | BX15: CES | BY15: PY | BZ15: PY | CA15: PY | CB15: PY | CC15: PY | CD15: PY | CE15: PY | CF15: PY | CG15: PY | CH15: PY | CI15: PY | CJ15: PY | CK15: PY | CL15: PY | CM15: PY | CN15: CES | CO15: PY | CP15: PY | CQ15: NY | CR15: NY | CS15: NY | CT15: NY | CU15: Ab | CV15: Ab | CW15: Ab | CX15: Ab | CY15: PS | CZ15: PS | DA15: PS | DB15: PS | DC15: PS | DD15: CES | DE15: PS | DF15: PS | DG15: PS | DH15: CES | DI15: PS | DJ15: PS | DK15: PS | DL15: CES | DM15: PS | DN15: PS | DO15: PS | DP15: PS | DQ15: PS | DR15: PS | DS15: Ab | DT15: Ab | DU15: Ab | DV15: Ab | DW15: MTP | DX15: MTP | DY15: MTP | DZ15: MTP | EA15: Ab | EB15: Ab | EC15: Ab | ED15: Ab | EE15: Ab | EF15: Ab | EG15: Ab | EH15: Ab | EI15: Ab | EJ15: Ab | EK15: Ab | EL15: Ab | EM15: Ab | EN15: Ab | EO15: Ab | EP15: Ab | EQ15: Ab | ER15: Ab | ES15: Ab | ET15: Ab | EU15: Ab | EV15: CES | EW15: DS | EX15: DS | EZ15: DS | FA15: CES | FB15: DS | FC15: DS | FD15: Ab | FE15: Ab | FF15: Ab | FG15: Ab | FH15: IS | FI15: CES | FJ15: IS | FK15: IS | FL15: Ab | FM15: Ab | FN15: Ab | FO15: Ab | FP15: Ab | FQ15: Ab | FR15: Ab | FS15: Ab | FT15: Ab | FU15: Ab | FV15: Ab | FW15: Ab | FX15: Ab | FY15: Ab | FZ15: Ab | GA15: Ab | GB15: AWS | GC15: AWS | GD15: AWS | GE15: AWS | GF15: AWS | GG15: CES | GH15: AWS | GI15: AWS | GJ15: Ab | GK15: Ab | GL15: Ab | GM15: Ab | GN15: SQL | GO15: CES | GP15: SQL | GQ15: SQL | GR15: SQL | GS15: CES | GT15: SQL | GU15: SQL | GV15: SQL | GW15: CES | GX15: SQL | GY15: SQL | GZ15: SQL | HA15: CES | HB15: SQL | HC15: SQL | HD15: ML | HE15: CES | HF15: ML | HG15: ML | HH15: Ab | HI15: Ab | HJ15: Ab | HK15: Ab | HL15: Ab | HM15: Ab | HN15: Ab | HO15: Ab
A16: 9 | B16: 359881 | C16: vishwap2802@gmail.com | D16: Vishva P | E16: =IF(COUNTIF($AH16:$UG16,E$7)=0,"",COUNTIF($AH16:$UG16,E$7)) | F16: =IF(COUNTIF($AH16:$UG16,F$7)=0,"",COUNTIF($AH16:$UG16,F$7)) | G16: =IF(COUNTIF($AH16:$UG16,G$7)=0,"",COUNTIF($AH16:$UG16,G$7)) -> 11 | H16: =IF(COUNTIF($AH16:$UG16,H$7)=0,"",COUNTIF($AH16:$UG16,H$7)) | I16: =IF(COUNTIF($AH16:$UG16,I$7)=0,"",COUNTIF($AH16:$UG16,I$7)) | J16: =IF(COUNTIF($AH16:$UG16,J$7)=0,"",COUNTIF($AH16:$UG16,J$7)) | K16: =IF(COUNTIF($AH16:$UG16,K$7)=0,"",COUNTIF($AH16:$UG16,K$7)) -> 29 | L16: =IF(COUNTIF($AH16:$UG16,L$7)=0,"",COUNTIF($AH16:$UG16,L$7)) | ... Z16: =IF(COUNTIF($AH16:$UG16,Z$7)=0,"",COUNTIF($AH16:$UG16,Z$7)) | AA16: =BV16 -> Yes | AB16: =EY16 -> 0 | AC16: =IF(SUM(E16:Z16)=0,"",SUM(E16:Z16)) -> 168 | AD16: =IF(SUM(E16:Z16)>=1,AC16-SUM(V16:X16),"") -> 168 | AE16: =IF(COUNTA(AH16:UI16)=0,"",IF(COUNTA(AH16:UI16)=0,0,AG64)) -> 47 | AF16: =IF(AE16="","",AE16/((COUNTA(AH16:BU16)+COUNTA(BW16:EX16)+COUNTA(EZ16:#REF!))/4)) -> 1.553719 | AG16: =IF(AD16="","",AD16/AC16) -> 1 | AH16: PY | AI16: PY | AJ16: PY | AK16: PY | AL16: PY | AM16: PY | AN16: PY | AO16: PY | AP16: PY | AQ16: GO | AR16: PY | AS16: PY | AT16: PY | AU16: PY | AV16: PY | AW16: PY | AX16: PY | AY16: CES | AZ16: PY | BA16: PY | BB16: PY | BC16: PY | BD16: PY | BE16: PY | BF16: PY | BG16: CES | BH16: PY | BI16: PY | BJ16: PY | BK16: PY | BL16: PY | BM16: PY | BN16: PY | BO16: CES | BP16: PY | BQ16: PY | BR16: PY | BS16: PY | BT16: PY | BU16: PY | BV16: Yes | BW16: PY | BX16: CES | BY16: PY | BZ16: PY | CA16: PY | CB16: PY | CC16: PY | CD16: PY | CE16: PY | CF16: PY | CG16: PY | CH16: PY | CI16: PY | CJ16: PY | CK16: PY | CL16: PY | CM16: PY | CN16: CES | CO16: PY | CP16: PY | CQ16: NY | CR16: NY | CS16: NY | CT16: NY | CU16: NY | CV16: CES | CW16: NY | CX16: NY | CY16: PS | CZ16: PS | DA16: PS | DB16: PS | DC16: PS | DD16: CES | DE16: PS | DF16: PS | DG16: PS | DH16: CES | DI16: PS | DJ16: PS | DK16: PS | DL16: CES | DM16: PS | DN16: PS | DO16: PS | DP16: PS | DQ16: PS | DR16: PS | DS16: PS | DT16: CES | DU16: PS | DV16: PS | DW16: MTP | DX16: MTP | DY16: MTP | DZ16: MTP | EA16: MTP | EB16: CES | EC16: MTP | ED16: MTP | EE16: SB | EF16: CES | EG16: SB | EH16: SB | EI16: SB | EJ16: CES | EK16: SB | EL16: SB | EM16: SB | EN16: CES | EO16: SB | EP16: SB | EQ16: DS | ER16: CES | ES16: DS | ET16: DS | EU16: SB | EV16: CES | EW16: DS | EX16: DS | EZ16: DS | FA16: CES | FB16: DS | FC16: DS | FD16: DS | FE16: CES | FF16: DS | FG16: DS | FH16: IS | FI16: CES | FJ16: IS | FK16: IS | FL16: IS | FM16: CES | FN16: IS | FO16: IS | FP16: AWS | FQ16: AWS | FR16: AWS | FS16: AWS | FT16: AWS | FU16: CES | FV16: AWS | FW16: AWS | FX16: AWS | FY16: CES | FZ16: AWS | GA16: AWS | GB16: AWS | GC16: AWS | GD16: AWS | GE16: AWS | GF16: AWS | GG16: CES | GH16: AWS | GI16: AWS | GJ16: AWS | GK16: CES | GL16: AWS | GM16: AWS | GN16: SQL | GO16: CES | GP16: SQL | GQ16: SQL | GR16: SQL | GS16: CES | GT16: SQL | GU16: SQL | GV16: SQL | GW16: CES | GX16: SQL | GY16: SQL | GZ16: SQL | HA16: CES | HB16: SQL | HC16: SQL | HD16: ML | HE16: CES | HF16: ML | HG16: ML | HH16: ML | HI16: ML | HJ16: ML | HK16: ML | HL16: ML | HM16: ML | HN16: ML | HO16: ML
A17: 10 | B17: 359935 | C17: purushoth1727@gmail.com | D17: Purushothaman Vengidesan | E17: =IF(COUNTIF($AH17:$UG17,E$7)=0,"",COUNTIF($AH17:$UG17,E$7)) | F17: =IF(COUNTIF($AH17:$UG17,F$7)=0,"",COUNTIF($AH17:$UG17,F$7)) | G17: =IF(COUNTIF($AH17:$UG17,G$7)=0,"",COUNTIF($AH17:$UG17,G$7)) -> 11 | H17: =IF(COUNTIF($AH17:$UG17,H$7)=0,"",COUNTIF($AH17:$UG17,H$7)) | I17: =IF(COUNTIF($AH17:$UG17,I$7)=0,"",COUNTIF($AH17:$UG17,I$7)) | J17: =IF(COUNTIF($AH17:$UG17,J$7)=0,"",COUNTIF($AH17:$UG17,J$7)) | K17: =IF(COUNTIF($AH17:$UG17,K$7)=0,"",COUNTIF($AH17:$UG17,K$7)) -> 27 | L17: =IF(COUNTIF($AH17:$UG17,L$7)=0,"",COUNTIF($AH17:$UG17,L$7)) | ... Z17: =IF(COUNTIF($AH17:$UG17,Z$7)=0,"",COUNTIF($AH17:$UG17,Z$7)) | AA17: =BV17 -> Yes | AB17: =EY17 -> 0 | AC17: =IF(SUM(E17:Z17)=0,"",SUM(E17:Z17)) -> 172 | AD17: =IF(SUM(E17:Z17)>=1,AC17-SUM(V17:X17),"") -> 156 | AE17: =IF(COUNTA(AH17:UI17)=0,"",IF(COUNTA(AH17:UI17)=0,0,AG65)) -> 43 | AF17: =IF(AE17="","",AE17/((COUNTA(AH17:BU17)+COUNTA(BW17:EX17)+COUNTA(EZ17:#REF!))/4)) -> 1.4214876 | AG17: =IF(AD17="","",AD17/AC17) -> 0.90697674 | AH17: PY | AI17: PY | AJ17: PY | AK17: PY | AL17: PY | AM17: PY | AN17: PY | AO17: PY | AP17: PY | AQ17: GO | AR17: PY | AS17: PY | AT17: PY | AU17: PY | AV17: PY | AW17: PY | AX17: Ab | AY17: Ab | AZ17: Ab | BA17: Ab | BB17: PY | BC17: PY | BD17: PY | BE17: PY | BF17: PY | BG17: CES | BH17: PY | BI17: PY | BJ17: PY | BK17: PY | BL17: PY | BM17: PY | BN17: PY | BO17: CES | BP17: PY | BQ17: PY | BR17: PY | BS17: PY | BT17: PY | BU17: PY | BV17: Yes | BW17: PY | BX17: CES | BY17: PY | BZ17: PY | CA17: Ab | CB17: Ab | CC17: Ab | CD17: Ab | CE17: PY | CF17: PY | CG17: PY | CH17: PY | CI17: PY | CJ17: PY | CK17: PY | CL17: PY | CM17: Ab | CN17: Ab | CO17: Ab | CP17: Ab | CQ17: NY | CR17: NY | CS17: NY | CT17: NY | CU17: NY | CV17: CES | CW17: NY | CX17: NY | CY17: PS | CZ17: PS | DA17: PS | DB17: PS | DC17: PS | DD17: CES | DE17: PS | DF17: PS | DG17: PS | DH17: CES | DI17: PS | DJ17: PS | DK17: PS | DL17: CES | DM17: PS | DN17: PS | DO17: PS | DP17: PS | DQ17: PS | DR17: PS | DS17: PS | DT17: CES | DU17: PS | DV17: PS | DW17: MTP | DX17: MTP | DY17: MTP | DZ17: MTP | EA17: MTP | EB17: CES | EC17: MTP | ED17: MTP | EE17: SB | EF17: CES | EG17: SB | EH17: SB | EI17: SB | EJ17: CES | EK17: SB | EL17: SB | EM17: SB | EN17: CES | EO17: SB | EP17: SB | EQ17: DS | ER17: CES | ES17: DS | ET17: DS | EU17: SB | EV17: CES | EW17: DS | EX17: DS | EZ17: DS | FA17: CES | FB17: DS | FC17: DS | FD17: DS | FE17: CES | FF17: DS | FG17: DS | FH17: IS | FI17: CES | FJ17: IS | FK17: IS | FL17: IS | FM17: CES | FN17: IS | FO17: IS | FP17: Ab | FQ17: Ab | FR17: Ab | FS17: Ab | FT17: AWS | FU17: CES | FV17: AWS | FW17: AWS | FX17: AWS | FY17: CES | FZ17: AWS | GA17: AWS | GB17: AWS | GC17: AWS | GD17: AWS | GE17: AWS | GF17: AWS | GG17: CES | GH17: AWS | GI17: AWS | GJ17: AWS | GK17: CES | GL17: AWS | GM17: AWS | GN17: SQL | GO17: CES | GP17: SQL | GQ17: SQL | GR17: SQL | GS17: CES | GT17: SQL | GU17: SQL | GV17: SQL | GW17: CES | GX17: SQL | GY17: SQL | GZ17: SQL | HA17: CES | HB17: SQL | HC17: SQL | HD17: ML | HE17: CES | HF17: ML | HG17: ML | HH17: ML | HI17: ML | HJ17: ML | HK17: ML | HL17: ML | HM17: ML | HN17: ML | HO17: ML
A18: 11 | B18: 360498 | C18: dhanapriyagiddaluru@gmail.com | D18: Giddaluru Dhanapriya | E18: =IF(COUNTIF($AH18:$UG18,E$7)=0,"",COUNTIF($AH18:$UG18,E$7)) | F18: =IF(COUNTIF($AH18:$UG18,F$7)=0,"",COUNTIF($AH18:$UG18,F$7)) | G18: =IF(COUNTIF($AH18:$UG18,G$7)=0,"",COUNTIF($AH18:$UG18,G$7)) -> 11 | H18: =IF(COUNTIF($AH18:$UG18,H$7)=0,"",COUNTIF($AH18:$UG18,H$7)) | I18: =IF(COUNTIF($AH18:$UG18,I$7)=0,"",COUNTIF($AH18:$UG18,I$7)) | J18: =IF(COUNTIF($AH18:$UG18,J$7)=0,"",COUNTIF($AH18:$UG18,J$7)) | K18: =IF(COUNTIF($AH18:$UG18,K$7)=0,"",COUNTIF($AH18:$UG18,K$7)) -> 28 | L18: =IF(COUNTIF($AH18:$UG18,L$7)=0,"",COUNTIF($AH18:$UG18,L$7)) | ... Z18: =IF(COUNTIF($AH18:$UG18,Z$7)=0,"",COUNTIF($AH18:$UG18,Z$7)) | AA18: =BV18 -> Yes | AB18: =EY18 -> 0 | AC18: =IF(SUM(E18:Z18)=0,"",SUM(E18:Z18)) -> 168 | AD18: =IF(SUM(E18:Z18)>=1,AC18-SUM(V18:X18),"") -> 163 | AE18: =IF(COUNTA(AH18:UI18)=0,"",IF(COUNTA(AH18:UI18)=0,0,AG66)) -> 46 | AF18: =IF(AE18="","",AE18/((COUNTA(AH18:BU18)+COUNTA(BW18:EX18)+COUNTA(EZ18:#REF!))/4)) -> 1.5206612 | AG18: =IF(AD18="","",AD18/AC18) -> 0.9702381 | AH18: PY | AI18: PY | AJ18: PY | AK18: PY | AL18: PY | AM18: PY | AN18: PY | AO18: PY | AP18: PY | AQ18: GO | AR18: PY | AS18: PY | AT18: PY | AU18: PY | AV18: PY | AW18: PY | AX18: PY | AY18: CES | AZ18: PY | BA18: PY | BB18: PY | BC18: PY | BD18: PY | BE18: PY | BF18: Ab | BG18: Ab | BH18: Ab | BI18: Ab | BJ18: PY | BK18: PY | BL18: PY | BM18: PY | BN18: PY | BO18: CES | BP18: PY | BQ18: PY | BR18: PY | BS18: PY | BT18: PY | BU18: PY | BV18: Yes | BW18: PY | BX18: CES | BY18: PY | BZ18: PY | CA18: PY | CB18: PY | CC18: PY | CD18: PY | CE18: PY | CF18: PY | CG18: PY | CH18: PY | CI18: PY | CJ18: PY | CK18: PY | CL18: PY | CM18: PY | CN18: CES | CO18: PY | CP18: PY | CQ18: NY | CR18: NY | CS18: NY | CT18: NY | CU18: NY | CV18: CES | CW18: NY | CX18: NY | CY18: PS | CZ18: PS | DA18: PS | DB18: PS | DC18: PS | DD18: CES | DE18: PS | DF18: PS | DG18: PS | DH18: CES | DI18: PS | DJ18: PS | DK18: PS | DL18: CES | DM18: PS | DN18: PS | DO18: PS | DP18: PS | DQ18: PS | DR18: PS | DS18: PS | DT18: CES | DU18: PS | DV18: PS | DW18: MTP | DX18: MTP | DY18: MTP | DZ18: MTP | EA18: MTP | EB18: CES | EC18: MTP | ED18: MTP | EE18: SB | EF18: CES | EG18: SB | EH18: SB | EI18: SB | EJ18: CES | EK18: SB | EL18: SB | EM18: SB | EN18: CES | EO18: SB | EP18: SB | EQ18: DS | ER18: CES | ES18: DS | ET18: DS | EU18: Ab | EV18: CES | EW18: DS | EX18: DS | EZ18: DS | FA18: CES | FB18: DS | FC18: DS | FD18: DS | FE18: CES | FF18: DS | FG18: DS | FH18: IS | FI18: CES | FJ18: IS | FK18: IS | FL18: IS | FM18: CES | FN18: IS | FO18: IS | FP18: AWS | FQ18: AWS | FR18: AWS | FS18: AWS | FT18: AWS | FU18: CES | FV18: AWS | FW18: AWS | FX18: AWS | FY18: CES | FZ18: AWS | GA18: AWS | GB18: AWS | GC18: AWS | GD18: AWS | GE18: AWS | GF18: AWS | GG18: CES | GH18: AWS | GI18: AWS | GJ18: AWS | GK18: CES | GL18: AWS | GM18: AWS | GN18: SQL | GO18: CES | GP18: SQL | GQ18: SQL | GR18: SQL | GS18: CES | GT18: SQL | GU18: SQL | GV18: SQL | GW18: CES | GX18: SQL | GY18: SQL | GZ18: SQL | HA18: CES | HB18: SQL | HC18: SQL | HD18: ML | HE18: CES | HF18: ML | HG18: ML | HH18: ML | HI18: ML | HJ18: ML | HK18: ML | HL18: ML | HM18: ML | HN18: ML | HO18: ML
A19: 12 | B19: 360520 | C19: rajasekar18rajasekar@gmail.com | D19: Rajasekar Dhanasekar | E19: =IF(COUNTIF($AH19:$UG19,E$7)=0,"",COUNTIF($AH19:$UG19,E$7)) | F19: =IF(COUNTIF($AH19:$UG19,F$7)=0,"",COUNTIF($AH19:$UG19,F$7)) | G19: =IF(COUNTIF($AH19:$UG19,G$7)=0,"",COUNTIF($AH19:$UG19,G$7)) -> 11 | H19: =IF(COUNTIF($AH19:$UG19,H$7)=0,"",COUNTIF($AH19:$UG19,H$7)) | I19: =IF(COUNTIF($AH19:$UG19,I$7)=0,"",COUNTIF($AH19:$UG19,I$7)) | J19: =IF(COUNTIF($AH19:$UG19,J$7)=0,"",COUNTIF($AH19:$UG19,J$7)) | K19: =IF(COUNTIF($AH19:$UG19,K$7)=0,"",COUNTIF($AH19:$UG19,K$7)) -> 28 | L19: =IF(COUNTIF($AH19:$UG19,L$7)=0,"",COUNTIF($AH19:$UG19,L$7)) | ... Z19: =IF(COUNTIF($AH19:$UG19,Z$7)=0,"",COUNTIF($AH19:$UG19,Z$7)) | AA19: =BV19 -> Yes | AB19: =EY19 -> 0 | AC19: =IF(SUM(E19:Z19)=0,"",SUM(E19:Z19)) -> 171 | AD19: =IF(SUM(E19:Z19)>=1,AC19-SUM(V19:X19),"") -> 163 | AE19: =IF(COUNTA(AH19:UI19)=0,"",IF(COUNTA(AH19:UI19)=0,0,AG67)) -> 45 | AF19: =IF(AE19="","",AE19/((COUNTA(AH19:BU19)+COUNTA(BW19:EX19)+COUNTA(EZ19:#REF!))/4)) -> 1.4876033 | AG19: =IF(AD19="","",AD19/AC19) -> 0.95321637 | AH19: PY | AI19: PY | AJ19: PY | AK19: PY | AL19: PY | AM19: PY | AN19: PY | AO19: PY | AP19: PY | AQ19: GO | AR19: PY | AS19: PY | AT19: PY | AU19: PY | AV19: PY | AW19: PY | AX19: PY | AY19: CES | AZ19: PY | BA19: PY | BB19: PY | BC19: PY | BD19: PY | BE19: PY | BF19: PY | BG19: CES | BH19: PY | BI19: PY | BJ19: PY | BK19: PY | BL19: PY | BM19: PY | BN19: PY | BO19: CES | BP19: PY | BQ19: PY | BR19: PY | BS19: PY | BT19: PY | BU19: PY | BV19: Yes | BW19: PY | BX19: CES | BY19: PY | BZ19: PY | CA19: PY | CB19: PY | CC19: PY | CD19: PY | CE19: PY | CF19: PY | CG19: PY | CH19: PY | CI19: Ab | CJ19: Ab | CK19: Ab | CL19: Ab | CM19: PY | CN19: CES | CO19: PY | CP19: PY | CQ19: NY | CR19: NY | CS19: NY | CT19: NY | CU19: NY | CV19: CES | CW19: NY | CX19: NY | CY19: PS | CZ19: PS | DA19: PS | DB19: PS | DC19: PS | DD19: CES | DE19: PS | DF19: PS | DG19: PS | DH19: CES | DI19: PS | DJ19: PS | DK19: PS | DL19: CES | DM19: PS | DN19: PS | DO19: PS | DP19: PS | DQ19: PS | DR19: PS | DS19: PS | DT19: CES | DU19: PS | DV19: PS | DW19: MTP | DX19: MTP | DY19: MTP | DZ19: MTP | EA19: MTP | EB19: CES | EC19: MTP | ED19: MTP | EE19: SB | EF19: CES | EG19: SB | EH19: SB | EI19: SB | EJ19: CES | EK19: SB | EL19: SB | EM19: SB | EN19: CES | EO19: SB | EP19: SB | EQ19: DS | ER19: CES | ES19: DS | ET19: DS | EU19: DS | EV19: CES | EW19: DS | EX19: DS | EZ19: DS | FA19: CES | FB19: DS | FC19: DS | FD19: DS | FE19: CES | FF19: DS | FG19: DS | FH19: IS | FI19: CES | FJ19: IS | FK19: IS | FL19: IS | FM19: CES | FN19: IS | FO19: IS | FP19: AWS | FQ19: AWS | FR19: AWS | FS19: AWS | FT19: Ab | FU19: Ab | FV19: Ab | FW19: Ab | FX19: AWS | FY19: CES | FZ19: AWS | GA19: AWS | GB19: AWS | GC19: AWS | GD19: AWS | GE19: AWS | GF19: AWS | GG19: CES | GH19: AWS | GI19: AWS | GJ19: AWS | GK19: CES | GL19: AWS | GM19: AWS | GN19: SQL | GO19: CES | GP19: SQL | GQ19: SQL | GR19: SQL | GS19: CES | GT19: SQL | GU19: SQL | GV19: SQL | GW19: CES | GX19: SQL | GY19: SQL | GZ19: SQL | HA19: CES | HB19: SQL | HC19: SQL | HD19: ML | HE19: CES | HF19: ML | HG19: ML | HH19: ML | HI19: ML | HJ19: ML | HK19: ML | HL19: ML | HM19: ML | HN19: ML | HO19: ML
A20: 13 | B20: 361316 | C20: saran.t.1423@gmail.com | D20: Saran Thennarasu | E20: =IF(COUNTIF($AH20:$UG20,E$7)=0,"",COUNTIF($AH20:$UG20,E$7)) | F20: =IF(COUNTIF($AH20:$UG20,F$7)=0,"",COUNTIF($AH20:$UG20,F$7)) | G20: =IF(COUNTIF($AH20:$UG20,G$7)=0,"",COUNTIF($AH20:$UG20,G$7)) -> 11 | H20: =IF(COUNTIF($AH20:$UG20,H$7)=0,"",COUNTIF($AH20:$UG20,H$7)) | I20: =IF(COUNTIF($AH20:$UG20,I$7)=0,"",COUNTIF($AH20:$UG20,I$7)) | J20: =IF(COUNTIF($AH20:$UG20,J$7)=0,"",COUNTIF($AH20:$UG20,J$7)) | K20: =IF(COUNTIF($AH20:$UG20,K$7)=0,"",COUNTIF($AH20:$UG20,K$7)) -> 29 | L20: =IF(COUNTIF($AH20:$UG20,L$7)=0,"",COUNTIF($AH20:$UG20,L$7)) | ... Z20: =IF(COUNTIF($AH20:$UG20,Z$7)=0,"",COUNTIF($AH20:$UG20,Z$7)) | AA20: =BV20 -> Yes | AB20: =EY20 -> 0 | AC20: =IF(SUM(E20:Z20)=0,"",SUM(E20:Z20)) -> 172 | AD20: =IF(SUM(E20:Z20)>=1,AC20-SUM(V20:X20),"") -> 168 | AE20: =IF(COUNTA(AH20:UI20)=0,"",IF(COUNTA(AH20:UI20)=0,0,AG69)) -> 46 | AF20: =IF(AE20="","",AE20/((COUNTA(AH20:BU20)+COUNTA(BW20:EX20)+COUNTA(EZ20:#REF!))/4)) -> 1.5206612 | AG20: =IF(AD20="","",AD20/AC20) -> 0.97674419 | AH20: PY | AI20: PY | AJ20: PY | AK20: PY | AL20: PY | AM20: PY | AN20: PY | AO20: PY | AP20: PY | AQ20: GO | AR20: PY | AS20: PY | AT20: PY | AU20: PY | AV20: PY | AW20: PY | AX20: PY | AY20: CES | AZ20: PY | BA20: PY | BB20: PY | BC20: PY | BD20: PY | BE20: PY | BF20: PY | BG20: CES | BH20: PY | BI20: PY | BJ20: PY | BK20: PY | BL20: PY | BM20: PY | BN20: PY | BO20: CES | BP20: PY | BQ20: PY | BR20: PY | BS20: PY | BT20: PY | BU20: PY | BV20: Yes | BW20: PY | BX20: CES | BY20: PY | BZ20: PY | CA20: PY | CB20: PY | CC20: PY | CD20: PY | CE20: PY | CF20: PY | CG20: PY | CH20: PY | CI20: PY | CJ20: PY | CK20: PY | CL20: PY | CM20: PY | CN20: CES | CO20: PY | CP20: PY | CQ20: NY | CR20: NY | CS20: NY | CT20: NY | CU20: NY | CV20: CES | CW20: NY | CX20: NY | CY20: PS | CZ20: PS | DA20: PS | DB20: PS | DC20: PS | DD20: CES | DE20: PS | DF20: PS | DG20: PS | DH20: CES | DI20: PS | DJ20: PS | DK20: PS | DL20: CES | DM20: PS | DN20: PS | DO20: PS | DP20: PS | DQ20: PS | DR20: PS | DS20: PS | DT20: CES | DU20: PS | DV20: PS | DW20: MTP | DX20: MTP | DY20: MTP | DZ20: MTP | EA20: MTP | EB20: CES | EC20: MTP | ED20: MTP | EE20: SB | EF20: CES | EG20: SB | EH20: SB | EI20: SB | EJ20: CES | EK20: SB | EL20: SB | EM20: SB | EN20: CES | EO20: SB | EP20: SB | EQ20: DS | ER20: CES | ES20: DS | ET20: DS | EU20: DS | EV20: CES | EW20: DS | EX20: DS | EZ20: DS | FA20: CES | FB20: DS | FC20: DS | FD20: DS | FE20: CES | FF20: DS | FG20: DS | FH20: IS | FI20: CES | FJ20: IS | FK20: IS | FL20: IS | FM20: CES | FN20: IS | FO20: IS | FP20: Ab | FQ20: Ab | FR20: Ab | FS20: Ab | FT20: AWS | FU20: CES | FV20: AWS | FW20: AWS | FX20: AWS | FY20: CES | FZ20: AWS | GA20: AWS | GB20: AWS | GC20: AWS | GD20: AWS | GE20: AWS | GF20: AWS | GG20: CES | GH20: AWS | GI20: AWS | GJ20: AWS | GK20: CES | GL20: AWS | GM20: AWS | GN20: SQL | GO20: CES | GP20: SQL | GQ20: SQL | GR20: SQL | GS20: CES | GT20: SQL | GU20: SQL | GV20: SQL | GW20: CES | GX20: SQL | GY20: SQL | GZ20: SQL | HA20: CES | HB20: SQL | HC20: SQL | HD20: ML | HE20: CES | HF20: ML | HG20: ML | HH20: ML | HI20: ML | HJ20: ML | HK20: ML | HL20: ML | HM20: ML | HN20: ML | HO20: ML
A21: 14 | B21: 361399 | C21: arung26603@gmail.com | D21: Arunkumar G | E21: =IF(COUNTIF($AH21:$UG21,E$7)=0,"",COUNTIF($AH21:$UG21,E$7)) | F21: =IF(COUNTIF($AH21:$UG21,F$7)=0,"",COUNTIF($AH21:$UG21,F$7)) | G21: =IF(COUNTIF($AH21:$UG21,G$7)=0,"",COUNTIF($AH21:$UG21,G$7)) -> 7 | H21: =IF(COUNTIF($AH21:$UG21,H$7)=0,"",COUNTIF($AH21:$UG21,H$7)) | I21: =IF(COUNTIF($AH21:$UG21,I$7)=0,"",COUNTIF($AH21:$UG21,I$7)) | J21: =IF(COUNTIF($AH21:$UG21,J$7)=0,"",COUNTIF($AH21:$UG21,J$7)) | K21: =IF(COUNTIF($AH21:$UG21,K$7)=0,"",COUNTIF($AH21:$UG21,K$7)) -> 26 | L21: =IF(COUNTIF($AH21:$UG21,L$7)=0,"",COUNTIF($AH21:$UG21,L$7)) | ... Z21: =IF(COUNTIF($AH21:$UG21,Z$7)=0,"",COUNTIF($AH21:$UG21,Z$7)) | AA21: =BV21 -> Yes | AB21: =EY21 -> 0 | AC21: =IF(SUM(E21:Z21)=0,"",SUM(E21:Z21)) -> 172 | AD21: =IF(SUM(E21:Z21)>=1,AC21-SUM(V21:X21),"") -> 148 | AE21: =IF(COUNTA(AH21:UI21)=0,"",IF(COUNTA(AH21:UI21)=0,0,AG70)) -> 41 | AF21: =IF(AE21="","",AE21/((COUNTA(AH21:BU21)+COUNTA(BW21:EX21)+COUNTA(EZ21:#REF!))/4)) -> 1.3553719 | AG21: =IF(AD21="","",AD21/AC21) -> 0.86046512 | AH21: PY | AI21: PY | AJ21: PY | AK21: PY | AL21: PY | AM21: PY | AN21: PY | AO21: PY | AP21: PY | AQ21: GO | AR21: PY | AS21: PY | AT21: PY | AU21: PY | AV21: PY | AW21: PY | AX21: PY | AY21: CES | AZ21: PY | BA21: PY | BB21: PY | BC21: PY | BD21: PY | BE21: PY | BF21: Ab | BG21: Ab | BH21: Ab | BI21: Ab | BJ21: PY | BK21: PY | BL21: PY | BM21: PY | BN21: PY | BO21: CES | BP21: PY | BQ21: PY | BR21: PY | BS21: PY | BT21: PY | BU21: PY | BV21: Yes | BW21: PY | BX21: CES | BY21: PY | BZ21: PY | CA21: PY | CB21: PY | CC21: PY | CD21: PY | CE21: PY | CF21: PY | CG21: PY | CH21: PY | CI21: Ab | CJ21: Ab | CK21: Ab | CL21: Ab | CM21: PY | CN21: CES | CO21: PY | CP21: PY | CQ21: NY | CR21: NY | CS21: NY | CT21: NY | CU21: NY | CV21: CES | CW21: NY | CX21: NY | CY21: PS | CZ21: PS | DA21: PS | DB21: PS | DC21: PS | DD21: CES | DE21: PS | DF21: PS | DG21: PS | DH21: CES | DI21: PS | DJ21: PS | DK21: PS | DL21: CES | DM21: PS | DN21: PS | DO21: PS | DP21: PS | DQ21: PS | DR21: PS | DS21: PS | DT21: CES | DU21: PS | DV21: PS | DW21: MTP | DX21: MTP | DY21: MTP | DZ21: MTP | EA21: Ab | EB21: Ab | EC21: Ab | ED21: Ab | EE21: SB | EF21: CES | EG21: SB | EH21: SB | EI21: SB | EJ21: CES | EK21: SB | EL21: SB | EM21: SB | EN21: CES | EO21: SB | EP21: SB | EQ21: Ab | ER21: Ab | ES21: Ab | ET21: Ab | EU21: DS | EV21: CES | EW21: DS | EX21: DS | EZ21: DS | FA21: CES | FB21: DS | FC21: DS | FD21: DS | FE21: CES | FF21: DS | FG21: DS | FH21: IS | FI21: CES | FJ21: IS | FK21: IS | FL21: IS | FM21: CES | FN21: IS | FO21: IS | FP21: Ab | FQ21: Ab | FR21: Ab | FS21: Ab | FT21: AWS | FU21: CES | FV21: AWS | FW21: AWS | FX21: AWS | FY21: CES | FZ21: AWS | GA21: AWS | GB21: AWS | GC21: AWS | GD21: AWS | GE21: AWS | GF21: AWS | GG21: CES | GH21: AWS | GI21: AWS | GJ21: AWS | GK21: CES | GL21: AWS | GM21: AWS | GN21: SQL | GO21: CES | GP21: SQL | GQ21: SQL | GR21: SQL | GS21: CES | GT21: SQL | GU21: SQL | GV21: SQL | GW21: CES | GX21: SQL | GY21: SQL | GZ21: SQL | HA21: CES | HB21: SQL | HC21: SQL | HD21: ML | HE21: CES | HF21: ML | HG21: ML | HH21: Ab | HI21: Ab | HJ21: Ab | HK21: Ab | HL21: ML | HM21: ML | HN21: ML | HO21: ML
A22: 15 | B22: 361652 | C22: tharunkumarvthangadurai@gmail.com | D22: Tharunkumar T | E22: =IF(COUNTIF($AH22:$UG22,E$7)=0,"",COUNTIF($AH22:$UG22,E$7)) | F22: =IF(COUNTIF($AH22:$UG22,F$7)=0,"",COUNTIF($AH22:$UG22,F$7)) | G22: =IF(COUNTIF($AH22:$UG22,G$7)=0,"",COUNTIF($AH22:$UG22,G$7)) -> 4 | H22: =IF(COUNTIF($AH22:$UG22,H$7)=0,"",COUNTIF($AH22:$UG22,H$7)) | I22: =IF(COUNTIF($AH22:$UG22,I$7)=0,"",COUNTIF($AH22:$UG22,I$7)) | J22: =IF(COUNTIF($AH22:$UG22,J$7)=0,"",COUNTIF($AH22:$UG22,J$7)) | K22: =IF(COUNTIF($AH22:$UG22,K$7)=0,"",COUNTIF($AH22:$UG22,K$7)) -> 13 | L22: =IF(COUNTIF($AH22:$UG22,L$7)=0,"",COUNTIF($AH22:$UG22,L$7)) | ... Z22: =IF(COUNTIF($AH22:$UG22,Z$7)=0,"",COUNTIF($AH22:$UG22,Z$7)) | AA22: =BV22 -> Yes | AB22: =EY22 -> 0 | AC22: =IF(SUM(E22:Z22)=0,"",SUM(E22:Z22)) -> 175 | AD22: =IF(SUM(E22:Z22)>=1,AC22-SUM(V22:X22),"") -> 75 | AE22: =IF(COUNTA(AH22:UI22)=0,"",IF(COUNTA(AH22:UI22)=0,0,AG71)) -> 22 | AF22: =IF(AE22="","",AE22/((COUNTA(AH22:BU22)+COUNTA(BW22:EX22)+COUNTA(EZ22:#REF!))/4)) -> 0.72727273 | AG22: =IF(AD22="","",AD22/AC22) -> 0.42857143 | AH22: PY | AI22: PY | AJ22: PY | AK22: PY | AL22: PY | AM22: PY | AN22: PY | AO22: PY | AP22: Ab | AQ22: Ab | AR22: Ab | AS22: Ab | AT22: Ab | AU22: Ab | AV22: Ab | AW22: Ab | AX22: PY | AY22: CES | AZ22: PY | BA22: PY | BB22: PY | BC22: PY | BD22: PY | BE22: PY | BF22: Ab | BG22: Ab | BH22: Ab | BI22: Ab | BJ22: Ab | BK22: Ab | BL22: Ab | BM22: Ab | BN22: Ab | BO22: Ab | BP22: Ab | BQ22: Ab | BR22: Ab | BS22: Ab | BT22: Ab | BU22: Ab | BV22: Yes | BW22: PY | BX22: CES | BY22: PY | BZ22: PY | CA22: PY | CB22: PY | CC22: PY | CD22: PY | CE22: PY | CF22: PY | CG22: PY | CH22: PY | CI22: Ab | CJ22: Ab | CK22: Ab | CL22: Ab | CM22: Ab | CN22: Ab | CO22: Ab | CP22: Ab | CQ22: NY | CR22: NY | CS22: NY | CT22: NY | CU22: NY | CV22: CES | CW22: NY | CX22: NY | CY22: PS | CZ22: PS | DA22: PS | DB22: PS | DC22: PS | DD22: CES | DE22: PS | DF22: PS | DG22: Ab | DH22: Ab | DI22: Ab | DJ22: Ab | DK22: PS | DL22: CES | DM22: PS | DN22: PS | DO22: Ab | DP22: Ab | DQ22: Ab | DR22: Ab | DS22: PS | DT22: CES | DU22: PS | DV22: PS | DW22: Ab | DX22: Ab | DY22: Ab | DZ22: Ab | EA22: Ab | EB22: Ab | EC22: Ab | ED22: Ab | EE22: SB | EF22: CES | EG22: SB | EH22: SB | EI22: SB | EJ22: CES | EK22: SB | EL22: SB | EM22: SB | EN22: CES | EO22: SB | EP22: SB | EQ22: DS | ER22: CES | ES22: DS | ET22: DS | EU22: Ab | EV22: Ab | EW22: Ab | EX22: Ab | EZ22: Ab | FA22: Ab | FB22: Ab | FC22: Ab | FD22: Ab | FE22: Ab | FF22: Ab | FG22: Ab | FH22: Ab | FI22: Ab | FJ22: Ab | FK22: Ab | FL22: Ab | FM22: Ab | FN22: Ab | FO22: Ab | FP22: Ab | FQ22: Ab | FR22: Ab | FS22: Ab | FT22: AWS | FU22: CES | FV22: AWS | FW22: AWS | FX22: AWS | FY22: CES | FZ22: AWS | GA22: AWS | GB22: AWS | GC22: AWS | GD22: AWS | GE22: AWS | GF22: AWS | GG22: CES | GH22: AWS | GI22: AWS | GJ22: Ab | GK22: Ab | GL22: Ab | GM22: Ab | GN22: Ab | GO22: Ab | GP22: Ab | GQ22: Ab | GR22: Ab | GS22: Ab | GT22: Ab | GU22: Ab | GV22: Ab | GW22: Ab | GX22: Ab | GY22: Ab | GZ22: Ab | HA22: Ab | HB22: Ab | HC22: Ab | HD22: Ab | HE22: Ab | HF22: Ab | HG22: Ab | HH22: Ab | HI22: Ab | HJ22: Ab | HK22: Ab | HL22: ML | HM22: ML | HN22: ML | HO22: ML
A23: 16 | B23: 361697 | C23: official.sansudhan@gmail.com | D23: Sudhan R | E23: =IF(COUNTIF($AH23:$UG23,E$7)=0,"",COUNTIF($AH23:$UG23,E$7)) | F23: =IF(COUNTIF($AH23:$UG23,F$7)=0,"",COUNTIF($AH23:$UG23,F$7)) | G23: =IF(COUNTIF($AH23:$UG23,G$7)=0,"",COUNTIF($AH23:$UG23,G$7)) -> 10 | H23: =IF(COUNTIF($AH23:$UG23,H$7)=0,"",COUNTIF($AH23:$UG23,H$7)) | I23: =IF(COUNTIF($AH23:$UG23,I$7)=0,"",COUNTIF($AH23:$UG23,I$7)) | J23: =IF(COUNTIF($AH23:$UG23,J$7)=0,"",COUNTIF($AH23:$UG23,J$7)) | K23: =IF(COUNTIF($AH23:$UG23,K$7)=0,"",COUNTIF($AH23:$UG23,K$7)) -> 26 | L23: =IF(COUNTIF($AH23:$UG23,L$7)=0,"",COUNTIF($AH23:$UG23,L$7)) | ... Z23: =IF(COUNTIF($AH23:$UG23,Z$7)=0,"",COUNTIF($AH23:$UG23,Z$7)) | AA23: =BV23 -> Yes | AB23: =EY23 -> 0 | AC23: =IF(SUM(E23:Z23)=0,"",SUM(E23:Z23)) -> 168 | AD23: =IF(SUM(E23:Z23)>=1,AC23-SUM(V23:X23),"") -> 149 | AE23: =IF(COUNTA(AH23:UI23)=0,"",IF(COUNTA(AH23:UI23)=0,0,AG72)) -> 43 | AF23: =IF(AE23="","",AE23/((COUNTA(AH23:BU23)+COUNTA(BW23:EX23)+COUNTA(EZ23:#REF!))/4)) -> 1.4214876 | AG23: =IF(AD23="","",AD23/AC23) -> 0.88690476 | AH23: PY | AI23: PY | AJ23: PY | AK23: PY | AL23: Ab | AM23: Ab | AN23: Ab | AO23: Ab | AP23: PY | AQ23: GO | AR23: PY | AS23: PY | AT23: PY | AU23: PY | AV23: PY | AW23: PY | AX23: PY | AY23: CES | AZ23: PY | BA23: PY | BB23: PY | BC23: PY | BD23: PY | BE23: PY | BF23: PY | BG23: CES | BH23: PY | BI23: PY | BJ23: PY | BK23: PY | BL23: PY | BM23: PY | BN23: PY | BO23: CES | BP23: PY | BQ23: PY | BR23: PY | BS23: PY | BT23: PY | BU23: PY | BV23: Yes | BW23: PY | BX23: CES | BY23: PY | BZ23: PY | CA23: PY | CB23: PY | CC23: PY | CD23: PY | CE23: PY | CF23: PY | CG23: PY | CH23: PY | CI23: PY | CJ23: PY | CK23: PY | CL23: PY | CM23: Ab | CN23: Ab | CO23: Ab | CP23: Ab | CQ23: NY | CR23: NY | CS23: NY | CT23: NY | CU23: NY | CV23: CES | CW23: NY | CX23: NY | CY23: PS | CZ23: PS | DA23: PS | DB23: PS | DC23: PS | DD23: CES | DE23: PS | DF23: PS | DG23: PS | DH23: CES | DI23: PS | DJ23: PS | DK23: PS | DL23: CES | DM23: PS | DN23: PS | DO23: PS | DP23: PS | DQ23: PS | DR23: PS | DS23: PS | DT23: CES | DU23: PS | DV23: PS | DW23: Ab | DX23: Ab | DY23: Ab | DZ23: Ab | EA23: Ab | EB23: Ab | EC23: Ab | ED23: Ab | EE23: SB | EF23: CES | EG23: SB | EH23: SB | EI23: SB | EJ23: CES | EK23: SB | EL23: SB | EM23: SB | EN23: CES | EO23: SB | EP23: SB | EQ23: DS | ER23: CES | ES23: DS | ET23: DS | EU23: Ab | EV23: CES | EW23: DS | EX23: DS | EZ23: DS | FA23: CES | FB23: DS | FC23: DS | FD23: DS | FE23: CES | FF23: DS | FG23: DS | FH23: IS | FI23: CES | FJ23: IS | FK23: IS | FL23: IS | FM23: CES | FN23: IS | FO23: IS | FP23: AWS | FQ23: AWS | FR23: AWS | FS23: AWS | FT23: AWS | FU23: CES | FV23: AWS | FW23: AWS | FX23: AWS | FY23: CES | FZ23: AWS | GA23: AWS | GB23: AWS | GC23: AWS | GD23: AWS | GE23: AWS | GF23: AWS | GG23: CES | GH23: AWS | GI23: AWS | GJ23: AWS | GK23: CES | GL23: AWS | GM23: AWS | GN23: SQL | GO23: CES | GP23: SQL | GQ23: SQL | GR23: SQL | GS23: CES | GT23: SQL | GU23: SQL | GV23: SQL | GW23: CES | GX23: SQL | GY23: SQL | GZ23: SQL | HA23: CES | HB23: SQL | HC23: SQL | HD23: Ab | HE23: Ab | HF23: ML | HG23: ML | HH23: ML | HI23: ML | HJ23: ML | HK23: ML | HL23: ML | HM23: ML | HN23: ML | HO23: ML
A24: 17 | B24: 361712 | C24: sangeethavenkat372@gmail.com | D24: Sangeetha Venkatesan | E24: =IF(COUNTIF($AH24:$UG24,E$7)=0,"",COUNTIF($AH24:$UG24,E$7)) | F24: =IF(COUNTIF($AH24:$UG24,F$7)=0,"",COUNTIF($AH24:$UG24,F$7)) | G24: =IF(COUNTIF($AH24:$UG24,G$7)=0,"",COUNTIF($AH24:$UG24,G$7)) -> 3 | H24: =IF(COUNTIF($AH24:$UG24,H$7)=0,"",COUNTIF($AH24:$UG24,H$7)) | I24: =IF(COUNTIF($AH24:$UG24,I$7)=0,"",COUNTIF($AH24:$UG24,I$7)) | J24: =IF(COUNTIF($AH24:$UG24,J$7)=0,"",COUNTIF($AH24:$UG24,J$7)) | K24: =IF(COUNTIF($AH24:$UG24,K$7)=0,"",COUNTIF($AH24:$UG24,K$7)) -> 26 | L24: =IF(COUNTIF($AH24:$UG24,L$7)=0,"",COUNTIF($AH24:$UG24,L$7)) | ... Z24: =IF(COUNTIF($AH24:$UG24,Z$7)=0,"",COUNTIF($AH24:$UG24,Z$7)) | AA24: =BV24 -> Yes | AB24: =EY24 -> 0 | AC24: =IF(SUM(E24:Z24)=0,"",SUM(E24:Z24)) -> 175 | AD24: =IF(SUM(E24:Z24)>=1,AC24-SUM(V24:X24),"") -> 147 | AE24: =IF(COUNTA(AH24:UI24)=0,"",IF(COUNTA(AH24:UI24)=0,0,AG73)) -> 40 | AF24: =IF(AE24="","",AE24/((COUNTA(AH24:BU24)+COUNTA(BW24:EX24)+COUNTA(EZ24:#REF!))/4)) -> 1.322314 | AG24: =IF(AD24="","",AD24/AC24) -> 0.84 | AH24: PY | AI24: PY | AJ24: PY | AK24: PY | AL24: PY | AM24: PY | AN24: PY | AO24: PY | AP24: Ab | AQ24: Ab | AR24: Ab | AS24: Ab | AT24: PY | AU24: PY | AV24: PY | AW24: PY | AX24: PY | AY24: CES | AZ24: PY | BA24: PY | BB24: PY | BC24: PY | BD24: PY | BE24: PY | BF24: PY | BG24: CES | BH24: PY | BI24: PY | BJ24: PY | BK24: PY | BL24: PY | BM24: PY | BN24: PY | BO24: CES | BP24: PY | BQ24: PY | BR24: PY | BS24: PY | BT24: PY | BU24: PY | BV24: Yes | BW24: PY | BX24: CES | BY24: PY | BZ24: PY | CA24: PY | CB24: PY | CC24: PY | CD24: PY | CE24: PY | CF24: PY | CG24: PY | CH24: PY | CI24: PY | CJ24: PY | CK24: PY | CL24: PY | CM24: PY | CN24: CES | CO24: PY | CP24: PY | CQ24: NY | CR24: NY | CS24: NY | CT24: NY | CU24: NY | CV24: CES | CW24: NY | CX24: NY | CY24: PS | CZ24: PS | DA24: PS | DB24: PS | DC24: PS | DD24: CES | DE24: PS | DF24: PS | DG24: Ab | DH24: Ab | DI24: Ab | DJ24: Ab | DK24: PS | DL24: CES | DM24: PS | DN24: PS | DO24: PS | DP24: PS | DQ24: PS | DR24: PS | DS24: Ab | DT24: Ab | DU24: Ab | DV24: Ab | DW24: MTP | DX24: MTP | DY24: MTP | DZ24: MTP | EA24: MTP | EB24: CES | EC24: MTP | ED24: MTP | EE24: SB | EF24: CES | EG24: SB | EH24: SB | EI24: SB | EJ24: CES | EK24: SB | EL24: SB | EM24: SB | EN24: CES | EO24: SB | EP24: SB | EQ24: DS | ER24: CES | ES24: DS | ET24: DS | EU24: DS | EV24: CES | EW24: DS | EX24: DS | EZ24: DS | FA24: CES | FB24: DS | FC24: DS | FD24: DS | FE24: CES | FF24: DS | FG24: DS | FH24: IS | FI24: CES | FJ24: IS | FK24: IS | FL24: IS | FM24: CES | FN24: IS | FO24: IS | FP24: Ab | FQ24: Ab | FR24: Ab | FS24: Ab | FT24: Ab | FU24: Ab | FV24: Ab | FW24: Ab | FX24: AWS | FY24: CES | FZ24: AWS | GA24: AWS | GB24: AWS | GC24: AWS | GD24: AWS | GE24: AWS | GF24: AWS | GG24: CES | GH24: AWS | GI24: AWS | GJ24: AWS | GK24: CES | GL24: AWS | GM24: AWS | GN24: SQL | GO24: CES | GP24: SQL | GQ24: SQL | GR24: SQL | GS24: CES | GT24: SQL | GU24: SQL | GV24: SQL | GW24: CES | GX24: SQL | GY24: SQL | GZ24: SQL | HA24: CES | HB24: SQL | HC24: SQL | HD24: ML | HE24: CES | HF24: ML | HG24: ML | HH24: Ab | HI24: Ab | HJ24: Ab | HK24: Ab | HL24: Ab | HM24: Ab | HN24: Ab | HO24: Ab
A25: 18 | B25: 362092 | C25: muraleeswaran01@gmail.com | D25: Muraleeswaran M K | E25: =IF(COUNTIF($AH25:$UG25,E$7)=0,"",COUNTIF($AH25:$UG25,E$7)) | F25: =IF(COUNTIF($AH25:$UG25,F$7)=0,"",COUNTIF($AH25:$UG25,F$7)) | G25: =IF(COUNTIF($AH25:$UG25,G$7)=0,"",COUNTIF($AH25:$UG25,G$7)) -> 7 | H25: =IF(COUNTIF($AH25:$UG25,H$7)=0,"",COUNTIF($AH25:$UG25,H$7)) | I25: =IF(COUNTIF($AH25:$UG25,I$7)=0,"",COUNTIF($AH25:$UG25,I$7)) | J25: =IF(COUNTIF($AH25:$UG25,J$7)=0,"",COUNTIF($AH25:$UG25,J$7)) | K25: =IF(COUNTIF($AH25:$UG25,K$7)=0,"",COUNTIF($AH25:$UG25,K$7)) -> 22 | L25: =IF(COUNTIF($AH25:$UG25,L$7)=0,"",COUNTIF($AH25:$UG25,L$7)) | ... Z25: =IF(COUNTIF($AH25:$UG25,Z$7)=0,"",COUNTIF($AH25:$UG25,Z$7)) | AA25: =BV25 -> Yes | AB25: =EY25 -> 0 | AC25: =IF(SUM(E25:Z25)=0,"",SUM(E25:Z25)) -> 168 | AD25: =IF(SUM(E25:Z25)>=1,AC25-SUM(V25:X25),"") -> 128 | AE25: =IF(COUNTA(AH25:UI25)=0,"",IF(COUNTA(AH25:UI25)=0,0,AG74)) -> 37 | AF25: =IF(AE25="","",AE25/((COUNTA(AH25:BU25)+COUNTA(BW25:EX25)+COUNTA(EZ25:#REF!))/4)) -> 1.2231405 | AG25: =IF(AD25="","",AD25/AC25) -> 0.76190476 | AH25: PY | AI25: PY | AJ25: PY | AK25: PY | AL25: PY | AM25: PY | AN25: PY | AO25: PY | AP25: Ab | AQ25: Ab | AR25: Ab | AS25: Ab | AT25: Ab | AU25: Ab | AV25: Ab | AW25: Ab | AX25: PY | AY25: CES | AZ25: PY | BA25: PY | BB25: PY | BC25: PY | BD25: PY | BE25: PY | BF25: Ab | BG25: Ab | BH25: Ab | BI25: Ab | BJ25: PY | BK25: PY | BL25: PY | BM25: PY | BN25: PY | BO25: CES | BP25: PY | BQ25: PY | BR25: PY | BS25: PY | BT25: PY | BU25: PY | BV25: Yes | BW25: PY | BX25: CES | BY25: PY | BZ25: PY | CA25: PY | CB25: PY | CC25: PY | CD25: PY | CE25: PY | CF25: PY | CG25: PY | CH25: PY | CI25: PY | CJ25: PY | CK25: PY | CL25: PY | CM25: Ab | CN25: Ab | CO25: Ab | CP25: Ab | CQ25: NY | CR25: NY | CS25: NY | CT25: NY | CU25: NY | CV25: CES | CW25: NY | CX25: NY | CY25: PS | CZ25: PS | DA25: PS | DB25: PS | DC25: PS | DD25: CES | DE25: PS | DF25: PS | DG25: PS | DH25: CES | DI25: PS | DJ25: PS | DK25: PS | DL25: CES | DM25: PS | DN25: PS | DO25: PS | DP25: PS | DQ25: PS | DR25: PS | DS25: PS | DT25: CES | DU25: PS | DV25: PS | DW25: MTP | DX25: MTP | DY25: MTP | DZ25: MTP | EA25: MTP | EB25: CES | EC25: MTP | ED25: MTP | EE25: Ab | EF25: Ab | EG25: Ab | EH25: Ab | EI25: Ab | EJ25: Ab | EK25: Ab | EL25: Ab | EM25: Ab | EN25: Ab | EO25: Ab | EP25: Ab | EQ25: DS | ER25: CES | ES25: DS | ET25: DS | EU25: DS | EV25: CES | EW25: DS | EX25: DS | EZ25: DS | FA25: CES | FB25: DS | FC25: DS | FD25: Ab | FE25: Ab | FF25: Ab | FG25: Ab | FH25: IS | FI25: CES | FJ25: IS | FK25: IS | FL25: IS | FM25: CES | FN25: IS | FO25: IS | FP25: AWS | FQ25: AWS | FR25: AWS | FS25: AWS | FT25: AWS | FU25: CES | FV25: AWS | FW25: AWS | FX25: AWS | FY25: CES | FZ25: AWS | GA25: AWS | GB25: AWS | GC25: AWS | GD25: AWS | GE25: AWS | GF25: AWS | GG25: CES | GH25: AWS | GI25: AWS | GJ25: AWS | GK25: CES | GL25: AWS | GM25: AWS | GN25: SQL | GO25: CES | GP25: SQL | GQ25: SQL | GR25: SQL | GS25: CES | GT25: SQL | GU25: SQL | GV25: SQL | GW25: CES | GX25: SQL | GY25: SQL | GZ25: Ab | HA25: Ab | HB25: Ab | HC25: Ab | HD25: ML | HE25: CES | HF25: ML | HG25: ML | HH25: ML | HI25: ML | HJ25: ML | HK25: ML | HL25: Ab | HM25: Ab | HN25: Ab | HO25: Ab
A26: 19 | B26: 362097 | C26: krishnanbhavya524@gmail.com | D26: Bhavya P | E26: =IF(COUNTIF($AH26:$UG26,E$7)=0,"",COUNTIF($AH26:$UG26,E$7)) | F26: =IF(COUNTIF($AH26:$UG26,F$7)=0,"",COUNTIF($AH26:$UG26,F$7)) | G26: =IF(COUNTIF($AH26:$UG26,G$7)=0,"",COUNTIF($AH26:$UG26,G$7)) -> 7 | H26: =IF(COUNTIF($AH26:$UG26,H$7)=0,"",COUNTIF($AH26:$UG26,H$7)) | I26: =IF(COUNTIF($AH26:$UG26,I$7)=0,"",COUNTIF($AH26:$UG26,I$7)) | J26: =IF(COUNTIF($AH26:$UG26,J$7)=0,"",COUNTIF($AH26:$UG26,J$7)) | K26: =IF(COUNTIF($AH26:$UG26,K$7)=0,"",COUNTIF($AH26:$UG26,K$7)) -> 27 | L26: =IF(COUNTIF($AH26:$UG26,L$7)=0,"",COUNTIF($AH26:$UG26,L$7)) | ... Z26: =IF(COUNTIF($AH26:$UG26,Z$7)=0,"",COUNTIF($AH26:$UG26,Z$7)) | AA26: =BV26 -> Yes | AB26: =EY26 -> 0 | AC26: =IF(SUM(E26:Z26)=0,"",SUM(E26:Z26)) -> 168 | AD26: =IF(SUM(E26:Z26)>=1,AC26-SUM(V26:X26),"") -> 151 | AE26: =IF(COUNTA(AH26:UI26)=0,"",IF(COUNTA(AH26:UI26)=0,0,AG75)) -> 43 | AF26: =IF(AE26="","",AE26/((COUNTA(AH26:BU26)+COUNTA(BW26:EX26)+COUNTA(EZ26:#REF!))/4)) -> 1.4214876 | AG26: =IF(AD26="","",AD26/AC26) -> 0.89880952 | AH26: PY | AI26: PY | AJ26: PY | AK26: PY | AL26: PY | AM26: PY | AN26: PY | AO26: PY | AP26: PY | AQ26: GO | AR26: PY | AS26: PY | AT26: PY | AU26: PY | AV26: PY | AW26: PY | AX26: PY | AY26: CES | AZ26: PY | BA26: PY | BB26: PY | BC26: PY | BD26: PY | BE26: PY | BF26: Ab | BG26: Ab | BH26: Ab | BI26: Ab | BJ26: PY | BK26: PY | BL26: PY | BM26: PY | BN26: PY | BO26: CES | BP26: PY | BQ26: PY | BR26: PY | BS26: PY | BT26: PY | BU26: PY | BV26: Yes | BW26: PY | BX26: CES | BY26: PY | BZ26: PY | CA26: PY | CB26: PY | CC26: PY | CD26: PY | CE26: PY | CF26: PY | CG26: PY | CH26: PY | CI26: Ab | CJ26: Ab | CK26: Ab | CL26: Ab | CM26: PY | CN26: CES | CO26: PY | CP26: PY | CQ26: NY | CR26: NY | CS26: NY | CT26: NY | CU26: NY | CV26: CES | CW26: NY | CX26: NY | CY26: PS | CZ26: PS | DA26: PS | DB26: PS | DC26: PS | DD26: CES | DE26: PS | DF26: PS | DG26: PS | DH26: CES | DI26: PS | DJ26: PS | DK26: PS | DL26: CES | DM26: PS | DN26: PS | DO26: PS | DP26: PS | DQ26: PS | DR26: PS | DS26: PS | DT26: CES | DU26: PS | DV26: PS | DW26: MTP | DX26: MTP | DY26: MTP | DZ26: MTP | EA26: MTP | EB26: CES | EC26: MTP | ED26: MTP | EE26: SB | EF26: CES | EG26: SB | EH26: SB | EI26: SB | EJ26: CES | EK26: SB | EL26: SB | EM26: SB | EN26: CES | EO26: SB | EP26: SB | EQ26: DS | ER26: CES | ES26: DS | ET26: DS | EU26: Ab | EV26: CES | EW26: DS | EX26: DS | EZ26: DS | FA26: CES | FB26: DS | FC26: DS | FD26: DS | FE26: CES | FF26: DS | FG26: DS | FH26: IS | FI26: CES | FJ26: IS | FK26: IS | FL26: IS | FM26: CES | FN26: IS | FO26: IS | FP26: AWS | FQ26: AWS | FR26: AWS | FS26: AWS | FT26: AWS | FU26: CES | FV26: AWS | FW26: AWS | FX26: AWS | FY26: CES | FZ26: AWS | GA26: AWS | GB26: AWS | GC26: AWS | GD26: AWS | GE26: AWS | GF26: AWS | GG26: CES | GH26: AWS | GI26: AWS | GJ26: AWS | GK26: CES | GL26: AWS | GM26: AWS | GN26: SQL | GO26: CES | GP26: SQL | GQ26: SQL | GR26: SQL | GS26: CES | GT26: SQL | GU26: SQL | GV26: SQL | GW26: CES | GX26: SQL | GY26: SQL | GZ26: Ab | HA26: Ab | HB26: Ab | HC26: Ab | HD26: ML | HE26: CES | HF26: ML | HG26: ML | HH26: Ab | HI26: Ab | HJ26: Ab | HK26: Ab | HL26: ML | HM26: ML | HN26: ML | HO26: ML
A27: 20 | B27: 362103 | C27: reshmismv@gmail.com | D27: S Reshmi | E27: =IF(COUNTIF($AH27:$UG27,E$7)=0,"",COUNTIF($AH27:$UG27,E$7)) | F27: =IF(COUNTIF($AH27:$UG27,F$7)=0,"",COUNTIF($AH27:$UG27,F$7)) | G27: =IF(COUNTIF($AH27:$UG27,G$7)=0,"",COUNTIF($AH27:$UG27,G$7)) -> 11 | H27: =IF(COUNTIF($AH27:$UG27,H$7)=0,"",COUNTIF($AH27:$UG27,H$7)) | I27: =IF(COUNTIF($AH27:$UG27,I$7)=0,"",COUNTIF($AH27:$UG27,I$7)) | J27: =IF(COUNTIF($AH27:$UG27,J$7)=0,"",COUNTIF($AH27:$UG27,J$7)) | K27: =IF(COUNTIF($AH27:$UG27,K$7)=0,"",COUNTIF($AH27:$UG27,K$7)) -> 29 | L27: =IF(COUNTIF($AH27:$UG27,L$7)=0,"",COUNTIF($AH27:$UG27,L$7)) | ... Z27: =IF(COUNTIF($AH27:$UG27,Z$7)=0,"",COUNTIF($AH27:$UG27,Z$7)) | AA27: =BV27 -> Yes | AB27: =EY27 -> 0 | AC27: =IF(SUM(E27:Z27)=0,"",SUM(E27:Z27)) -> 168 | AD27: =IF(SUM(E27:Z27)>=1,AC27-SUM(V27:X27),"") -> 163 | AE27: =IF(COUNTA(AH27:UI27)=0,"",IF(COUNTA(AH27:UI27)=0,0,AG76)) -> 46 | AF27: =IF(AE27="","",AE27/((COUNTA(AH27:BU27)+COUNTA(BW27:EX27)+COUNTA(EZ27:#REF!))/4)) -> 1.5206612 | AG27: =IF(AD27="","",AD27/AC27) -> 0.9702381 | AH27: PY | AI27: PY | AJ27: PY | AK27: PY | AL27: PY | AM27: PY | AN27: PY | AO27: PY | AP27: PY | AQ27: GO | AR27: PY | AS27: PY | AT27: PY | AU27: PY | AV27: PY | AW27: PY | AX27: PY | AY27: CES | AZ27: PY | BA27: PY | BB27: PY | BC27: PY | BD27: PY | BE27: PY | BF27: PY | BG27: CES | BH27: PY | BI27: PY | BJ27: PY | BK27: PY | BL27: PY | BM27: PY | BN27: PY | BO27: CES | BP27: PY | BQ27: PY | BR27: PY | BS27: PY | BT27: PY | BU27: PY | BV27: Yes | BW27: PY | BX27: CES | BY27: PY | BZ27: PY | CA27: PY | CB27: PY | CC27: PY | CD27: PY | CE27: PY | CF27: PY | CG27: PY | CH27: PY | CI27: Ab | CJ27: Ab | CK27: Ab | CL27: Ab | CM27: PY | CN27: CES | CO27: PY | CP27: PY | CQ27: NY | CR27: NY | CS27: NY | CT27: NY | CU27: NY | CV27: CES | CW27: NY | CX27: NY | CY27: PS | CZ27: PS | DA27: PS | DB27: PS | DC27: PS | DD27: CES | DE27: PS | DF27: PS | DG27: PS | DH27: CES | DI27: PS | DJ27: PS | DK27: PS | DL27: CES | DM27: PS | DN27: PS | DO27: PS | DP27: PS | DQ27: PS | DR27: PS | DS27: PS | DT27: CES | DU27: PS | DV27: PS | DW27: MTP | DX27: MTP | DY27: MTP | DZ27: MTP | EA27: MTP | EB27: CES | EC27: MTP | ED27: MTP | EE27: SB | EF27: CES | EG27: SB | EH27: SB | EI27: SB | EJ27: CES | EK27: SB | EL27: SB | EM27: SB | EN27: CES | EO27: SB | EP27: SB | EQ27: DS | ER27: CES | ES27: DS | ET27: DS | EU27: Ab | EV27: CES | EW27: DS | EX27: DS | EZ27: DS | FA27: CES | FB27: DS | FC27: DS | FD27: DS | FE27: CES | FF27: DS | FG27: DS | FH27: IS | FI27: CES | FJ27: IS | FK27: IS | FL27: IS | FM27: CES | FN27: IS | FO27: IS | FP27: AWS | FQ27: AWS | FR27: AWS | FS27: AWS | FT27: AWS | FU27: CES | FV27: AWS | FW27: AWS | FX27: AWS | FY27: CES | FZ27: AWS | GA27: AWS | GB27: AWS | GC27: AWS | GD27: AWS | GE27: AWS | GF27: AWS | GG27: CES | GH27: AWS | GI27: AWS | GJ27: AWS | GK27: CES | GL27: AWS | GM27: AWS | GN27: SQL | GO27: CES | GP27: SQL | GQ27: SQL | GR27: SQL | GS27: CES | GT27: SQL | GU27: SQL | GV27: SQL | GW27: CES | GX27: SQL | GY27: SQL | GZ27: SQL | HA27: CES | HB27: SQL | HC27: SQL | HD27: ML | HE27: CES | HF27: ML | HG27: ML | HH27: ML | HI27: ML | HJ27: ML | HK27: ML | HL27: ML | HM27: ML | HN27: ML | HO27: ML
A28: 21 | B28: 362104 | C28: j.a.vinodhini03@gmail.com | D28: Vinodhini J A | E28: =IF(COUNTIF($AH28:$UG28,E$7)=0,"",COUNTIF($AH28:$UG28,E$7)) | F28: =IF(COUNTIF($AH28:$UG28,F$7)=0,"",COUNTIF($AH28:$UG28,F$7)) | G28: =IF(COUNTIF($AH28:$UG28,G$7)=0,"",COUNTIF($AH28:$UG28,G$7)) -> 7 | H28: =IF(COUNTIF($AH28:$UG28,H$7)=0,"",COUNTIF($AH28:$UG28,H$7)) | I28: =IF(COUNTIF($AH28:$UG28,I$7)=0,"",COUNTIF($AH28:$UG28,I$7)) | J28: =IF(COUNTIF($AH28:$UG28,J$7)=0,"",COUNTIF($AH28:$UG28,J$7)) | K28: =IF(COUNTIF($AH28:$UG28,K$7)=0,"",COUNTIF($AH28:$UG28,K$7)) -> 25 | L28: =IF(COUNTIF($AH28:$UG28,L$7)=0,"",COUNTIF($AH28:$UG28,L$7)) | ... Z28: =IF(COUNTIF($AH28:$UG28,Z$7)=0,"",COUNTIF($AH28:$UG28,Z$7)) | AA28: =BV28 -> Yes | AB28: =EY28 -> 0 | AC28: =IF(SUM(E28:Z28)=0,"",SUM(E28:Z28)) -> 178 | AD28: =IF(SUM(E28:Z28)>=1,AC28-SUM(V28:X28),"") -> 149 | AE28: =IF(COUNTA(AH28:UI28)=0,"",IF(COUNTA(AH28:UI28)=0,0,AG77)) -> 40 | AF28: =IF(AE28="","",AE28/((COUNTA(AH28:BU28)+COUNTA(BW28:EX28)+COUNTA(EZ28:#REF!))/4)) -> 1.322314 | AG28: =IF(AD28="","",AD28/AC28) -> 0.83707865 | AH28: PY | AI28: PY | AJ28: PY | AK28: PY | AL28: PY | AM28: PY | AN28: PY | AO28: PY | AP28: PY | AQ28: GO | AR28: PY | AS28: PY | AT28: PY | AU28: PY | AV28: PY | AW28: PY | AX28: PY | AY28: CES | AZ28: PY | BA28: PY | BB28: PY | BC28: PY | BD28: PY | BE28: PY | BF28: PY | BG28: CES | BH28: PY | BI28: PY | BJ28: Ab | BK28: Ab | BL28: Ab | BM28: Ab | BN28: PY | BO28: CES | BP28: PY | BQ28: PY | BR28: PY | BS28: PY | BT28: PY | BU28: PY | BV28: Yes | BW28: PY | BX28: CES | BY28: PY | BZ28: PY | CA28: PY | CB28: PY | CC28: PY | CD28: PY | CE28: PY | CF28: PY | CG28: PY | CH28: PY | CI28: PY | CJ28: PY | CK28: PY | CL28: PY | CM28: PY | CN28: CES | CO28: PY | CP28: PY | CQ28: NY | CR28: NY | CS28: NY | CT28: NY | CU28: NY | CV28: CES | CW28: NY | CX28: NY | CY28: PS | CZ28: PS | DA28: PS | DB28: PS | DC28: Ab | DD28: Ab | DE28: Ab | DF28: Ab | DG28: PS | DH28: CES | DI28: PS | DJ28: PS | DK28: PS | DL28: CES | DM28: PS | DN28: PS | DO28: PS | DP28: PS | DQ28: PS | DR28: PS | DS28: PS | DT28: CES | DU28: PS | DV28: PS | DW28: MTP | DX28: MTP | DY28: MTP | DZ28: MTP | EA28: MTP | EB28: CES | EC28: MTP | ED28: MTP | EE28: SB | EF28: CES | EG28: SB | EH28: SB | EI28: SB | EJ28: CES | EK28: SB | EL28: SB | EM28: SB | EN28: CES | EO28: SB | EP28: SB | EQ28: DS | ER28: CES | ES28: DS | ET28: DS | EU28: Ab | EV28: CES | EW28: DS | EX28: DS | EZ28: DS | FA28: CES | FB28: DS | FC28: DS | FD28: DS | FE28: CES | FF28: DS | FG28: DS | FH28: Ab | FI28: Ab | FJ28: Ab | FK28: Ab | FL28: IS | FM28: CES | FN28: IS | FO28: IS | FP28: Ab | FQ28: Ab | FR28: Ab | FS28: Ab | FT28: AWS | FU28: CES | FV28: AWS | FW28: AWS | FX28: Ab | FY28: Ab | FZ28: Ab | GA28: Ab | GB28: AWS | GC28: AWS | GD28: AWS | GE28: AWS | GF28: Ab | GG28: Ab | GH28: Ab | GI28: Ab | GJ28: AWS | GK28: CES | GL28: AWS | GM28: AWS | GN28: SQL | GO28: CES | GP28: SQL | GQ28: SQL | GR28: SQL | GS28: CES | GT28: SQL | GU28: SQL | GV28: SQL | GW28: CES | GX28: SQL | GY28: SQL | GZ28: SQL | HA28: CES | HB28: SQL | HC28: SQL | HD28: ML | HE28: CES | HF28: ML | HG28: ML | HH28: Ab | HI28: Ab | HJ28: Ab | HK28: Ab | HL28: ML | HM28: ML | HN28: ML | HO28: ML
A29: 22 | B29: 362107 | C29: rajavarthini.a.e@gmail.com | D29: Rajavarthini Arumugam | E29: =IF(COUNTIF($AH29:$UG29,E$7)=0,"",COUNTIF($AH29:$UG29,E$7)) | F29: =IF(COUNTIF($AH29:$UG29,F$7)=0,"",COUNTIF($AH29:$UG29,F$7)) | G29: =IF(COUNTIF($AH29:$UG29,G$7)=0,"",COUNTIF($AH29:$UG29,G$7)) -> 11 | H29: =IF(COUNTIF($AH29:$UG29,H$7)=0,"",COUNTIF($AH29:$UG29,H$7)) | I29: =IF(COUNTIF($AH29:$UG29,I$7)=0,"",COUNTIF($AH29:$UG29,I$7)) | J29: =IF(COUNTIF($AH29:$UG29,J$7)=0,"",COUNTIF($AH29:$UG29,J$7)) | K29: =IF(COUNTIF($AH29:$UG29,K$7)=0,"",COUNTIF($AH29:$UG29,K$7)) -> 20 | L29: =IF(COUNTIF($AH29:$UG29,L$7)=0,"",COUNTIF($AH29:$UG29,L$7)) | ... Z29: =IF(COUNTIF($AH29:$UG29,Z$7)=0,"",COUNTIF($AH29:$UG29,Z$7)) | AA29: =BV29 -> Yes | AB29: =EY29 -> 0 | AC29: =IF(SUM(E29:Z29)=0,"",SUM(E29:Z29)) -> 171 | AD29: =IF(SUM(E29:Z29)>=1,AC29-SUM(V29:X29),"") -> 135 | AE29: =IF(COUNTA(AH29:UI29)=0,"",IF(COUNTA(AH29:UI29)=0,0,AG78)) -> 38 | AF29: =IF(AE29="","",AE29/((COUNTA(AH29:BU29)+COUNTA(BW29:EX29)+COUNTA(EZ29:#REF!))/4)) -> 1.2561983 | AG29: =IF(AD29="","",AD29/AC29) -> 0.78947368 | AH29: PY | AI29: PY | AJ29: PY | AK29: PY | AL29: PY | AM29: PY | AN29: PY | AO29: PY | AP29: PY | AQ29: GO | AR29: PY | AS29: PY | AT29: PY | AU29: PY | AV29: PY | AW29: PY | AX29: PY | AY29: CES | AZ29: PY | BA29: PY | BB29: PY | BC29: PY | BD29: PY | BE29: PY | BF29: PY | BG29: CES | BH29: PY | BI29: PY | BJ29: PY | BK29: PY | BL29: PY | BM29: PY | BN29: Ab | BO29: Ab | BP29: Ab | BQ29: Ab | BR29: PY | BS29: PY | BT29: PY | BU29: PY | BV29: Yes | BW29: PY | BX29: CES | BY29: PY | BZ29: PY | CA29: PY | CB29: PY | CC29: PY | CD29: PY | CE29: PY | CF29: PY | CG29: PY | CH29: PY | CI29: PY | CJ29: PY | CK29: PY | CL29: PY | CM29: PY | CN29: CES | CO29: PY | CP29: PY | CQ29: NY | CR29: NY | CS29: NY | CT29: NY | CU29: Ab | CV29: Ab | CW29: Ab | CX29: Ab | CY29: PS | CZ29: PS | DA29: PS | DB29: PS | DC29: Ab | DD29: Ab | DE29: Ab | DF29: Ab | DG29: PS | DH29: CES | DI29: PS | DJ29: PS | DK29: Ab | DL29: Ab | DM29: Ab | DN29: Ab | DO29: PS | DP29: PS | DQ29: PS | DR29: PS | DS29: Ab | DT29: Ab | DU29: Ab | DV29: Ab | DW29: MTP | DX29: MTP | DY29: MTP | DZ29: MTP | EA29: MTP | EB29: CES | EC29: MTP | ED29: MTP | EE29: SB | EF29: CES | EG29: SB | EH29: SB | EI29: SB | EJ29: CES | EK29: SB | EL29: SB | EM29: SB | EN29: CES | EO29: SB | EP29: SB | EQ29: DS | ER29: CES | ES29: DS | ET29: DS | EU29: Ab | EV29: Ab | EW29: Ab | EX29: Ab | EZ29: Ab | FA29: Ab | FB29: Ab | FC29: Ab | FD29: DS | FE29: CES | FF29: DS | FG29: DS | FH29: Ab | FI29: Ab | FJ29: Ab | FK29: Ab | FL29: IS | FM29: CES | FN29: IS | FO29: IS | FP29: AWS | FQ29: AWS | FR29: AWS | FS29: AWS | FT29: AWS | FU29: CES | FV29: AWS | FW29: AWS | FX29: Ab | FY29: Ab | FZ29: Ab | GA29: Ab | GB29: AWS | GC29: AWS | GD29: AWS | GE29: AWS | GF29: AWS | GG29: CES | GH29: AWS | GI29: AWS | GJ29: AWS | GK29: CES | GL29: AWS | GM29: AWS | GN29: SQL | GO29: CES | GP29: SQL | GQ29: SQL | GR29: SQL | GS29: CES | GT29: SQL | GU29: SQL | GV29: SQL | GW29: CES | GX29: SQL | GY29: SQL | GZ29: SQL | HA29: CES | HB29: SQL | HC29: SQL | HD29: ML | HE29: CES | HF29: ML | HG29: ML | HH29: ML | HI29: ML | HJ29: ML | HK29: ML | HL29: ML | HM29: ML | HN29: ML | HO29: ML
A30: 23 | B30: 362246 | C30: anushitha876@gmail.com | D30: Anushitha R | E30: =IF(COUNTIF($AH30:$UG30,E$7)=0,"",COUNTIF($AH30:$UG30,E$7)) | F30: =IF(COUNTIF($AH30:$UG30,F$7)=0,"",COUNTIF($AH30:$UG30,F$7)) | G30: =IF(COUNTIF($AH30:$UG30,G$7)=0,"",COUNTIF($AH30:$UG30,G$7)) -> 11 | H30: =IF(COUNTIF($AH30:$UG30,H$7)=0,"",COUNTIF($AH30:$UG30,H$7)) | I30: =IF(COUNTIF($AH30:$UG30,I$7)=0,"",COUNTIF($AH30:$UG30,I$7)) | J30: =IF(COUNTIF($AH30:$UG30,J$7)=0,"",COUNTIF($AH30:$UG30,J$7)) | K30: =IF(COUNTIF($AH30:$UG30,K$7)=0,"",COUNTIF($AH30:$UG30,K$7)) -> 27 | L30: =IF(COUNTIF($AH30:$UG30,L$7)=0,"",COUNTIF($AH30:$UG30,L$7)) | ... Z30: =IF(COUNTIF($AH30:$UG30,Z$7)=0,"",COUNTIF($AH30:$UG30,Z$7)) | AA30: =BV30 -> Yes | AB30: =EY30 -> 0 | AC30: =IF(SUM(E30:Z30)=0,"",SUM(E30:Z30)) -> 168 | AD30: =IF(SUM(E30:Z30)>=1,AC30-SUM(V30:X30),"") -> 156 | AE30: =IF(COUNTA(AH30:UI30)=0,"",IF(COUNTA(AH30:UI30)=0,0,AG79)) -> 44 | AF30: =IF(AE30="","",AE30/((COUNTA(AH30:BU30)+COUNTA(BW30:EX30)+COUNTA(EZ30:#REF!))/4)) -> 1.4545455 | AG30: =IF(AD30="","",AD30/AC30) -> 0.92857143 | AH30: PY | AI30: PY | AJ30: PY | AK30: PY | AL30: PY | AM30: PY | AN30: PY | AO30: PY | AP30: PY | AQ30: GO | AR30: PY | AS30: PY | AT30: PY | AU30: PY | AV30: PY | AW30: PY | AX30: PY | AY30: CES | AZ30: PY | BA30: PY | BB30: PY | BC30: PY | BD30: PY | BE30: PY | BF30: PY | BG30: CES | BH30: PY | BI30: PY | BJ30: PY | BK30: PY | BL30: PY | BM30: PY | BN30: PY | BO30: CES | BP30: PY | BQ30: PY | BR30: PY | BS30: PY | BT30: PY | BU30: PY | BV30: Yes | BW30: PY | BX30: CES | BY30: PY | BZ30: PY | CA30: PY | CB30: PY | CC30: PY | CD30: PY | CE30: PY | CF30: PY | CG30: PY | CH30: PY | CI30: PY | CJ30: PY | CK30: PY | CL30: PY | CM30: Ab | CN30: Ab | CO30: Ab | CP30: Ab | CQ30: NY | CR30: NY | CS30: NY | CT30: NY | CU30: NY | CV30: CES | CW30: NY | CX30: NY | CY30: PS | CZ30: PS | DA30: PS | DB30: PS | DC30: PS | DD30: CES | DE30: PS | DF30: PS | DG30: PS | DH30: CES | DI30: PS | DJ30: PS | DK30: PS | DL30: CES | DM30: PS | DN30: PS | DO30: PS | DP30: PS | DQ30: PS | DR30: PS | DS30: PS | DT30: CES | DU30: PS | DV30: PS | DW30: Ab | DX30: Ab | DY30: Ab | DZ30: Ab | EA30: Ab | EB30: Ab | EC30: Ab | ED30: Ab | EE30: SB | EF30: CES | EG30: SB | EH30: SB | EI30: SB | EJ30: CES | EK30: SB | EL30: SB | EM30: SB | EN30: CES | EO30: SB | EP30: SB | EQ30: DS | ER30: CES | ES30: DS | ET30: DS | EU30: DS | EV30: CES | EW30: DS | EX30: DS | EZ30: DS | FA30: CES | FB30: DS | FC30: DS | FD30: DS | FE30: CES | FF30: DS | FG30: DS | FH30: IS | FI30: CES | FJ30: IS | FK30: IS | FL30: IS | FM30: CES | FN30: IS | FO30: IS | FP30: AWS | FQ30: AWS | FR30: AWS | FS30: AWS | FT30: AWS | FU30: CES | FV30: AWS | FW30: AWS | FX30: AWS | FY30: CES | FZ30: AWS | GA30: AWS | GB30: AWS | GC30: AWS | GD30: AWS | GE30: AWS | GF30: AWS | GG30: CES | GH30: AWS | GI30: AWS | GJ30: AWS | GK30: CES | GL30: AWS | GM30: AWS | GN30: SQL | GO30: CES | GP30: SQL | GQ30: SQL | GR30: SQL | GS30: CES | GT30: SQL | GU30: SQL | GV30: SQL | GW30: CES | GX30: SQL | GY30: SQL | GZ30: SQL | HA30: CES | HB30: SQL | HC30: SQL | HD30: ML | HE30: CES | HF30: ML | HG30: ML | HH30: ML | HI30: ML | HJ30: ML | HK30: ML | HL30: ML | HM30: ML | HN30: ML | HO30: ML
A31: 24 | B31: 361908 | C31: aditya.aravindan@gmail.com | D31: Aditya | E31: =IF(COUNTIF($AH31:$UG31,E$7)=0,"",COUNTIF($AH31:$UG31,E$7)) | F31: =IF(COUNTIF($AH31:$UG31,F$7)=0,"",COUNTIF($AH31:$UG31,F$7)) | G31: =IF(COUNTIF($AH31:$UG31,G$7)=0,"",COUNTIF($AH31:$UG31,G$7)) -> 7 | H31: =IF(COUNTIF($AH31:$UG31,H$7)=0,"",COUNTIF($AH31:$UG31,H$7)) | I31: =IF(COUNTIF($AH31:$UG31,I$7)=0,"",COUNTIF($AH31:$UG31,I$7)) | J31: =IF(COUNTIF($AH31:$UG31,J$7)=0,"",COUNTIF($AH31:$UG31,J$7)) | K31: =IF(COUNTIF($AH31:$UG31,K$7)=0,"",COUNTIF($AH31:$UG31,K$7)) -> 24 | L31: =IF(COUNTIF($AH31:$UG31,L$7)=0,"",COUNTIF($AH31:$UG31,L$7)) | ... Z31: =IF(COUNTIF($AH31:$UG31,Z$7)=0,"",COUNTIF($AH31:$UG31,Z$7)) | AA31: =BV31 -> Yes | AB31: =EY31 -> 0 | AC31: =IF(SUM(E31:Z31)=0,"",SUM(E31:Z31)) -> 171 | AD31: =IF(SUM(E31:Z31)>=1,AC31-SUM(V31:X31),"") -> 134 | AE31: =IF(COUNTA(AH31:UI31)=0,"",IF(COUNTA(AH31:UI31)=0,0,AG80)) -> 38 | AF31: =IF(AE31="","",AE31/((COUNTA(AH31:BU31)+COUNTA(BW31:EX31)+COUNTA(EZ31:#REF!))/4)) -> 1.2561983 | AG31: =IF(AD31="","",AD31/AC31) -> 0.78362573 | AH31: PY | AI31: PY | AJ31: PY | AK31: PY | AL31: Ab | AM31: Ab | AN31: Ab | AO31: Ab | AP31: PY | AQ31: GO | AR31: PY | AS31: PY | AT31: PY | AU31: PY | AV31: PY | AW31: PY | AX31: PY | AY31: CES | AZ31: PY | BA31: PY | BB31: PY | BC31: PY | BD31: PY | BE31: PY | BF31: PY | BG31: CES | BH31: PY | BI31: PY | BJ31: PY | BK31: PY | BL31: PY | BM31: PY | BN31: PY | BO31: CES | BP31: PY | BQ31: PY | BR31: PY | BS31: PY | BT31: PY | BU31: PY | BV31: Yes | BW31: Ab | BX31: Ab | BY31: Ab | BZ31: Ab | CA31: PY | CB31: PY | CC31: PY | CD31: PY | CE31: PY | CF31: PY | CG31: PY | CH31: PY | CI31: PY | CJ31: PY | CK31: PY | CL31: PY | CM31: PY | CN31: CES | CO31: PY | CP31: PY | CQ31: NY | CR31: NY | CS31: NY | CT31: NY | CU31: NY | CV31: CES | CW31: NY | CX31: NY | CY31: PS | CZ31: PS | DA31: PS | DB31: PS | DC31: PS | DD31: CES | DE31: PS | DF31: PS | DG31: PS | DH31: CES | DI31: PS | DJ31: PS | DK31: PS | DL31: CES | DM31: PS | DN31: PS | DO31: Ab | DP31: Ab | DQ31: Ab | DR31: Ab | DS31: Ab | DT31: Ab | DU31: Ab | DV31: Ab | DW31: Ab | DX31: Ab | DY31: Ab | DZ31: Ab | EA31: Ab | EB31: Ab | EC31: Ab | ED31: Ab | EE31: SB | EF31: CES | EG31: SB | EH31: SB | EI31: SB | EJ31: CES | EK31: SB | EL31: SB | EM31: SB | EN31: CES | EO31: SB | EP31: SB | EQ31: DS | ER31: CES | ES31: DS | ET31: DS | EU31: Ab | EV31: CES | EW31: DS | EX31: DS | EZ31: DS | FA31: CES | FB31: DS | FC31: DS | FD31: DS | FE31: CES | FF31: DS | FG31: DS | FH31: IS | FI31: CES | FJ31: IS | FK31: IS | FL31: IS | FM31: CES | FN31: IS | FO31: IS | FP31: AWS | FQ31: AWS | FR31: AWS | FS31: AWS | FT31: AWS | FU31: CES | FV31: AWS | FW31: AWS | FX31: AWS | FY31: CES | FZ31: AWS | GA31: AWS | GB31: AWS | GC31: AWS | GD31: AWS | GE31: AWS | GF31: AWS | GG31: CES | GH31: AWS | GI31: AWS | GJ31: Ab | GK31: Ab | GL31: Ab | GM31: Ab | GN31: Ab | GO31: Ab | GP31: Ab | GQ31: Ab | GR31: SQL | GS31: CES | GT31: SQL | GU31: SQL | GV31: SQL | GW31: CES | GX31: SQL | GY31: SQL | GZ31: SQL | HA31: CES | HB31: SQL | HC31: SQL | HD31: ML | HE31: CES | HF31: ML | HG31: ML | HH31: Ab | HI31: Ab | HJ31: Ab | HK31: Ab | HL31: ML | HM31: ML | HN31: ML | HO31: ML
A32: 25 | E32: =IF(COUNTIF($AH32:$UG32,E$7)=0,"",COUNTIF($AH32:$UG32,E$7)) | F32: =IF(COUNTIF($AH32:$UG32,F$7)=0,"",COUNTIF($AH32:$UG32,F$7)) | G32: =IF(COUNTIF($AH32:$UG32,G$7)=0,"",COUNTIF($AH32:$UG32,G$7)) | H32: =IF(COUNTIF($AH32:$UG32,H$7)=0,"",COUNTIF($AH32:$UG32,H$7)) | I32: =IF(COUNTIF($AH32:$UG32,I$7)=0,"",COUNTIF($AH32:$UG32,I$7)) | J32: =IF(COUNTIF($AH32:$UG32,J$7)=0,"",COUNTIF($AH32:$UG32,J$7)) | K32: =IF(COUNTIF($AH32:$UG32,K$7)=0,"",COUNTIF($AH32:$UG32,K$7)) | L32: =IF(COUNTIF($AH32:$UG32,L$7)=0,"",COUNTIF($AH32:$UG32,L$7)) | ... Z32: =IF(COUNTIF($AH32:$UG32,Z$7)=0,"",COUNTIF($AH32:$UG32,Z$7)) | AA32: =BV32 -> 0 | AB32: =EY32 -> 0 | AC32: =IF(SUM(E32:Z32)=0,"",SUM(E32:Z32)) | AD32: =IF(SUM(E32:Z32)>=1,AC32-SUM(V32:X32),"") | AE32: =IF(COUNTA(AH32:UI32)=0,"",IF(COUNTA(AH32:UI32)=0,0,AG81)) | AF32: =IF(AE32="","",AE32/((COUNTA(AH32:BU32)+COUNTA(BW32:EX32)+COUNTA(EZ32:#REF!))/4)) | AG32: =IF(AD32="","",AD32/AC32)
A33: 26 | E33: =IF(COUNTIF($AH33:$UG33,E$7)=0,"",COUNTIF($AH33:$UG33,E$7)) | F33: =IF(COUNTIF($AH33:$UG33,F$7)=0,"",COUNTIF($AH33:$UG33,F$7)) | G33: =IF(COUNTIF($AH33:$UG33,G$7)=0,"",COUNTIF($AH33:$UG33,G$7)) | H33: =IF(COUNTIF($AH33:$UG33,H$7)=0,"",COUNTIF($AH33:$UG33,H$7)) | I33: =IF(COUNTIF($AH33:$UG33,I$7)=0,"",COUNTIF($AH33:$UG33,I$7)) | J33: =IF(COUNTIF($AH33:$UG33,J$7)=0,"",COUNTIF($AH33:$UG33,J$7)) | K33: =IF(COUNTIF($AH33:$UG33,K$7)=0,"",COUNTIF($AH33:$UG33,K$7)) | L33: =IF(COUNTIF($AH33:$UG33,L$7)=0,"",COUNTIF($AH33:$UG33,L$7)) | ... Z33: =IF(COUNTIF($AH33:$UG33,Z$7)=0,"",COUNTIF($AH33:$UG33,Z$7)) | AA33: =BV33 -> 0 | AB33: =EY33 -> 0 | AC33: =IF(SUM(E33:Z33)=0,"",SUM(E33:Z33)) | AD33: =IF(SUM(E33:Z33)>=1,AC33-SUM(V33:X33),"") | AE33: =IF(COUNTA(AH33:UI33)=0,"",IF(COUNTA(AH33:UI33)=0,0,AG82)) | AF33: =IF(AE33="","",AE33/((COUNTA(AH33:BU33)+COUNTA(BW33:EX33)+COUNTA(EZ33:#REF!))/4)) | AG33: =IF(AD33="","",AD33/AC33)
A34: 27 | E34: =IF(COUNTIF($AH34:$UG34,E$7)=0,"",COUNTIF($AH34:$UG34,E$7)) | F34: =IF(COUNTIF($AH34:$UG34,F$7)=0,"",COUNTIF($AH34:$UG34,F$7)) | G34: =IF(COUNTIF($AH34:$UG34,G$7)=0,"",COUNTIF($AH34:$UG34,G$7)) | H34: =IF(COUNTIF($AH34:$UG34,H$7)=0,"",COUNTIF($AH34:$UG34,H$7)) | I34: =IF(COUNTIF($AH34:$UG34,I$7)=0,"",COUNTIF($AH34:$UG34,I$7)) | J34: =IF(COUNTIF($AH34:$UG34,J$7)=0,"",COUNTIF($AH34:$UG34,J$7)) | K34: =IF(COUNTIF($AH34:$UG34,K$7)=0,"",COUNTIF($AH34:$UG34,K$7)) | L34: =IF(COUNTIF($AH34:$UG34,L$7)=0,"",COUNTIF($AH34:$UG34,L$7)) | ... Z34: =IF(COUNTIF($AH34:$UG34,Z$7)=0,"",COUNTIF($AH34:$UG34,Z$7)) | AA34: =BV34 -> 0 | AB34: =EY34 -> 0 | AC34: =IF(SUM(E34:Z34)=0,"",SUM(E34:Z34)) | AD34: =IF(SUM(E34:Z34)>=1,AC34-SUM(V34:X34),"") | AE34: =IF(COUNTA(AH34:UI34)=0,"",IF(COUNTA(AH34:UI34)=0,0,AG83)) | AF34: =IF(AE34="","",AE34/((COUNTA(AH34:BU34)+COUNTA(BW34:EX34)+COUNTA(EZ34:#REF!))/4)) | AG34: =IF(AD34="","",AD34/AC34)
A35: 28 | E35: =IF(COUNTIF($AH35:$UG35,E$7)=0,"",COUNTIF($AH35:$UG35,E$7)) | F35: =IF(COUNTIF($AH35:$UG35,F$7)=0,"",COUNTIF($AH35:$UG35,F$7)) | G35: =IF(COUNTIF($AH35:$UG35,G$7)=0,"",COUNTIF($AH35:$UG35,G$7)) | H35: =IF(COUNTIF($AH35:$UG35,H$7)=0,"",COUNTIF($AH35:$UG35,H$7)) | I35: =IF(COUNTIF($AH35:$UG35,I$7)=0,"",COUNTIF($AH35:$UG35,I$7)) | J35: =IF(COUNTIF($AH35:$UG35,J$7)=0,"",COUNTIF($AH35:$UG35,J$7)) | K35: =IF(COUNTIF($AH35:$UG35,K$7)=0,"",COUNTIF($AH35:$UG35,K$7)) | L35: =IF(COUNTIF($AH35:$UG35,L$7)=0,"",COUNTIF($AH35:$UG35,L$7)) | ... Z35: =IF(COUNTIF($AH35:$UG35,Z$7)=0,"",COUNTIF($AH35:$UG35,Z$7)) | AA35: =BV35 -> 0 | AB35: =EY35 -> 0 | AC35: =IF(SUM(E35:Z35)=0,"",SUM(E35:Z35)) | AD35: =IF(SUM(E35:Z35)>=1,AC35-SUM(V35:X35),"") | AE35: =IF(COUNTA(AH35:UI35)=0,"",IF(COUNTA(AH35:UI35)=0,0,AG84)) | AF35: =IF(AE35="","",AE35/((COUNTA(AH35:BU35)+COUNTA(BW35:EX35)+COUNTA(EZ35:#REF!))/4)) | AG35: =IF(AD35="","",AD35/AC35)
A36: 29 | E36: =IF(COUNTIF($AH36:$UG36,E$7)=0,"",COUNTIF($AH36:$UG36,E$7)) | F36: =IF(COUNTIF($AH36:$UG36,F$7)=0,"",COUNTIF($AH36:$UG36,F$7)) | G36: =IF(COUNTIF($AH36:$UG36,G$7)=0,"",COUNTIF($AH36:$UG36,G$7)) | H36: =IF(COUNTIF($AH36:$UG36,H$7)=0,"",COUNTIF($AH36:$UG36,H$7)) | I36: =IF(COUNTIF($AH36:$UG36,I$7)=0,"",COUNTIF($AH36:$UG36,I$7)) | J36: =IF(COUNTIF($AH36:$UG36,J$7)=0,"",COUNTIF($AH36:$UG36,J$7)) | K36: =IF(COUNTIF($AH36:$UG36,K$7)=0,"",COUNTIF($AH36:$UG36,K$7)) | L36: =IF(COUNTIF($AH36:$UG36,L$7)=0,"",COUNTIF($AH36:$UG36,L$7)) | ... Z36: =IF(COUNTIF($AH36:$UG36,Z$7)=0,"",COUNTIF($AH36:$UG36,Z$7)) | AA36: =BV36 -> 0 | AB36: =EY36 -> 0 | AC36: =IF(SUM(E36:Z36)=0,"",SUM(E36:Z36)) | AD36: =IF(SUM(E36:Z36)>=1,AC36-SUM(V36:X36),"") | AE36: =IF(COUNTA(AH36:UI36)=0,"",IF(COUNTA(AH36:UI36)=0,0,AG85)) | AF36: =IF(AE36="","",AE36/((COUNTA(AH36:BU36)+COUNTA(BW36:EX36)+COUNTA(EZ36:#REF!))/4)) | AG36: =IF(AD36="","",AD36/AC36)
A37: 30 | E37: =IF(COUNTIF($AH37:$UG37,E$7)=0,"",COUNTIF($AH37:$UG37,E$7)) | F37: =IF(COUNTIF($AH37:$UG37,F$7)=0,"",COUNTIF($AH37:$UG37,F$7)) | G37: =IF(COUNTIF($AH37:$UG37,G$7)=0,"",COUNTIF($AH37:$UG37,G$7)) | H37: =IF(COUNTIF($AH37:$UG37,H$7)=0,"",COUNTIF($AH37:$UG37,H$7)) | I37: =IF(COUNTIF($AH37:$UG37,I$7)=0,"",COUNTIF($AH37:$UG37,I$7)) | J37: =IF(COUNTIF($AH37:$UG37,J$7)=0,"",COUNTIF($AH37:$UG37,J$7)) | K37: =IF(COUNTIF($AH37:$UG37,K$7)=0,"",COUNTIF($AH37:$UG37,K$7)) | L37: =IF(COUNTIF($AH37:$UG37,L$7)=0,"",COUNTIF($AH37:$UG37,L$7)) | ... Z37: =IF(COUNTIF($AH37:$UG37,Z$7)=0,"",COUNTIF($AH37:$UG37,Z$7)) | AA37: =BV37 -> 0 | AB37: =EY37 -> 0 | AC37: =IF(SUM(E37:Z37)=0,"",SUM(E37:Z37)) | AD37: =IF(SUM(E37:Z37)>=1,AC37-SUM(V37:X37),"") | AE37: =IF(COUNTA(AH37:UI37)=0,"",IF(COUNTA(AH37:UI37)=0,0,AG86)) | AF37: =IF(AE37="","",AE37/((COUNTA(AH37:BU37)+COUNTA(BW37:EX37)+COUNTA(EZ37:#REF!))/4)) | AG37: =IF(AD37="","",AD37/AC37)
A38: 31 | E38: =IF(COUNTIF($AH38:$UG38,E$7)=0,"",COUNTIF($AH38:$UG38,E$7)) | F38: =IF(COUNTIF($AH38:$UG38,F$7)=0,"",COUNTIF($AH38:$UG38,F$7)) | G38: =IF(COUNTIF($AH38:$UG38,G$7)=0,"",COUNTIF($AH38:$UG38,G$7)) | H38: =IF(COUNTIF($AH38:$UG38,H$7)=0,"",COUNTIF($AH38:$UG38,H$7)) | I38: =IF(COUNTIF($AH38:$UG38,I$7)=0,"",COUNTIF($AH38:$UG38,I$7)) | J38: =IF(COUNTIF($AH38:$UG38,J$7)=0,"",COUNTIF($AH38:$UG38,J$7)) | K38: =IF(COUNTIF($AH38:$UG38,K$7)=0,"",COUNTIF($AH38:$UG38,K$7)) | L38: =IF(COUNTIF($AH38:$UG38,L$7)=0,"",COUNTIF($AH38:$UG38,L$7)) | ... Z38: =IF(COUNTIF($AH38:$UG38,Z$7)=0,"",COUNTIF($AH38:$UG38,Z$7)) | AA38: =BV38 -> 0 | AB38: =EY38 -> 0 | AC38: =IF(SUM(E38:Z38)=0,"",SUM(E38:Z38)) | AD38: =IF(SUM(E38:Z38)>=1,AC38-SUM(V38:X38),"") | AE38: =IF(COUNTA(AH38:UI38)=0,"",IF(COUNTA(AH38:UI38)=0,0,AG87)) | AF38: =IF(AE38="","",AE38/((COUNTA(AH38:BU38)+COUNTA(BW38:EX38)+COUNTA(EZ38:#REF!))/4)) | AG38: =IF(AD38="","",AD38/AC38)
F39: No of aspirant attended(Day wise / Session wise) | AH39: =COUNTA(AH8:AH38)-COUNTIF(AH8:AH38,"AB")-COUNTIF(AH8:AH38,"EP")-COUNTIF(AH8:AH38,"SP") -> 24 | AI39: =COUNTA(AI8:AI38)-COUNTIF(AI8:AI38,"AB")-COUNTIF(AI8:AI38,"EP")-COUNTIF(AI8:AI38,"SP") -> 24 | AJ39: =COUNTA(AJ8:AJ38)-COUNTIF(AJ8:AJ38,"AB")-COUNTIF(AJ8:AJ38,"EP")-COUNTIF(AJ8:AJ38,"SP") -> 24 | AK39: =COUNTA(AK8:AK38)-COUNTIF(AK8:AK38,"AB")-COUNTIF(AK8:AK38,"EP")-COUNTIF(AK8:AK38,"SP") -> 24 | AL39: =COUNTA(AL8:AL38)-COUNTIF(AL8:AL38,"AB")-COUNTIF(AL8:AL38,"EP")-COUNTIF(AL8:AL38,"SP") -> 22 | AM39: =COUNTA(AM8:AM38)-COUNTIF(AM8:AM38,"AB")-COUNTIF(AM8:AM38,"EP")-COUNTIF(AM8:AM38,"SP") -> 22 | AN39: =COUNTA(AN8:AN38)-COUNTIF(AN8:AN38,"AB")-COUNTIF(AN8:AN38,"EP")-COUNTIF(AN8:AN38,"SP") -> 22 | AO39: =COUNTA(AO8:AO38)-COUNTIF(AO8:AO38,"AB")-COUNTIF(AO8:AO38,"EP")-COUNTIF(AO8:AO38,"SP") -> 22 | ... BU39: =COUNTA(BU8:BU38)-COUNTIF(BU8:BU38,"AB")-COUNTIF(BU8:BU38,"EP")-COUNTIF(BU8:BU38,"SP") -> 23 | BW39: =COUNTA(BW8:BW38)-COUNTIF(BW8:BW38,"AB")-COUNTIF(BW8:BW38,"EP")-COUNTIF(BW8:BW38,"SP") -> 23 | BX39: =COUNTA(BX8:BX38)-COUNTIF(BX8:BX38,"AB")-COUNTIF(BX8:BX38,"EP")-COUNTIF(BX8:BX38,"SP") -> 23 | BY39: =COUNTA(BY8:BY38)-COUNTIF(BY8:BY38,"AB")-COUNTIF(BY8:BY38,"EP")-COUNTIF(BY8:BY38,"SP") -> 23 | BZ39: =COUNTA(BZ8:BZ38)-COUNTIF(BZ8:BZ38,"AB")-COUNTIF(BZ8:BZ38,"EP")-COUNTIF(BZ8:BZ38,"SP") -> 23 | CA39: =COUNTA(CA8:CA38)-COUNTIF(CA8:CA38,"AB")-COUNTIF(CA8:CA38,"EP")-COUNTIF(CA8:CA38,"SP") -> 22 | CB39: =COUNTA(CB8:CB38)-COUNTIF(CB8:CB38,"AB")-COUNTIF(CB8:CB38,"EP")-COUNTIF(CB8:CB38,"SP") -> 22 | CC39: =COUNTA(CC8:CC38)-COUNTIF(CC8:CC38,"AB")-COUNTIF(CC8:CC38,"EP")-COUNTIF(CC8:CC38,"SP") -> 22 | CD39: =COUNTA(CD8:CD38)-COUNTIF(CD8:CD38,"AB")-COUNTIF(CD8:CD38,"EP")-COUNTIF(CD8:CD38,"SP") -> 22 | ... EX39: =COUNTA(EX8:EX38)-COUNTIF(EX8:EX38,"AB")-COUNTIF(EX8:EX38,"EP")-COUNTIF(EX8:EX38,"SP") -> 22 | EZ39: =COUNTA(EZ8:EZ38)-COUNTIF(EZ8:EZ38,"AB")-COUNTIF(EZ8:EZ38,"EP")-COUNTIF(EZ8:EZ38,"SP") -> 22 | FA39: =COUNTA(FA8:FA38)-COUNTIF(FA8:FA38,"AB")-COUNTIF(FA8:FA38,"EP")-COUNTIF(FA8:FA38,"SP") -> 22 | FB39: =COUNTA(FB8:FB38)-COUNTIF(FB8:FB38,"AB")-COUNTIF(FB8:FB38,"EP")-COUNTIF(FB8:FB38,"SP") -> 22 | FC39: =COUNTA(FC8:FC38)-COUNTIF(FC8:FC38,"AB")-COUNTIF(FC8:FC38,"EP")-COUNTIF(FC8:FC38,"SP") -> 22 | FD39: =COUNTA(FD8:FD38)-COUNTIF(FD8:FD38,"AB")-COUNTIF(FD8:FD38,"EP")-COUNTIF(FD8:FD38,"SP") -> 21 | FE39: =COUNTA(FE8:FE38)-COUNTIF(FE8:FE38,"AB")-COUNTIF(FE8:FE38,"EP")-COUNTIF(FE8:FE38,"SP") -> 21 | FF39: =COUNTA(FF8:FF38)-COUNTIF(FF8:FF38,"AB")-COUNTIF(FF8:FF38,"EP")-COUNTIF(FF8:FF38,"SP") -> 21 | FG39: =COUNTA(FG8:FG38)-COUNTIF(FG8:FG38,"AB")-COUNTIF(FG8:FG38,"EP")-COUNTIF(FG8:FG38,"SP") -> 21 | ... PG39: =COUNTA(PG8:PG38)-COUNTIF(PG8:PG38,"AB")-COUNTIF(PG8:PG38,"EP")-COUNTIF(PG8:PG38,"SP") -> 0
AH40: =IF(COUNTA(AH8:AK38)>1,"Updated","Not Updated") -> Updated | AL40: =IF(COUNTA(AL8:AO38)>1,"Updated","Not Updated") -> Updated | AP40: =IF(COUNTA(AP8:AS38)>1,"Updated","Not Updated") -> Updated | AT40: =IF(COUNTA(AT8:AW38)>1,"Updated","Not Updated") -> Updated | AX40: =IF(COUNTA(AX8:BA38)>1,"Updated","Not Updated") -> Updated | BB40: =IF(COUNTA(BB8:BE38)>1,"Updated","Not Updated") -> Updated | BF40: =IF(COUNTA(BF8:BI38)>1,"Updated","Not Updated") -> Updated | BJ40: =IF(COUNTA(BJ8:BM38)>1,"Updated","Not Updated") -> Updated | BN40: =IF(COUNTA(BN8:BQ38)>1,"Updated","Not Updated") -> Updated | BR40: =IF(COUNTA(BR8:BU38)>1,"Updated","Not Updated") -> Updated | BW40: =IF(COUNTA(BW8:BZ38)>1,"Updated","Not Updated") -> Updated | CA40: =IF(COUNTA(CA8:CD38)>1,"Updated","Not Updated") -> Updated | CE40: =IF(COUNTA(CE8:CH38)>1,"Updated","Not Updated") -> Updated | CI40: =IF(COUNTA(CI8:CL38)>1,"Updated","Not Updated") -> Updated | CM40: =IF(COUNTA(CM8:CP38)>1,"Updated","Not Updated") -> Updated | CQ40: =IF(COUNTA(CQ8:CT38)>1,"Updated","Not Updated") -> Updated | CU40: =IF(COUNTA(CU8:CX38)>1,"Updated","Not Updated") -> Updated | CY40: =IF(COUNTA(CY8:DB38)>1,"Updated","Not Updated") -> Updated | DC40: =IF(COUNTA(DC8:DF38)>1,"Updated","Not Updated") -> Updated | DG40: =IF(COUNTA(DG8:DJ38)>1,"Updated","Not Updated") -> Updated | DK40: =IF(COUNTA(DK8:DN38)>1,"Updated","Not Updated") -> Updated | DO40: =IF(COUNTA(DO8:DR38)>1,"Updated","Not Updated") -> Updated | DS40: =IF(COUNTA(DS8:DV38)>1,"Updated","Not Updated") -> Updated | DW40: =IF(COUNTA(DW8:DZ38)>1,"Updated","Not Updated") -> Updated | EA40: =IF(COUNTA(EA8:ED38)>1,"Updated","Not Updated") -> Updated | EE40: =IF(COUNTA(EE8:EH38)>1,"Updated","Not Updated") -> Updated | EI40: =IF(COUNTA(EI8:EL38)>1,"Updated","Not Updated") -> Updated | EM40: =IF(COUNTA(EM8:EP38)>1,"Updated","Not Updated") -> Updated | EQ40: =IF(COUNTA(EQ8:ET38)>1,"Updated","Not Updated") -> Updated | EU40: =IF(COUNTA(EU8:EX38)>1,"Updated","Not Updated") -> Updated | EZ40: =IF(COUNTA(EZ8:FC38)>1,"Updated","Not Updated") -> Updated | FD40: =IF(COUNTA(FD8:FG38)>1,"Updated","Not Updated") -> Updated | FH40: =IF(COUNTA(FH8:FK38)>1,"Updated","Not Updated") -> Updated | FL40: =IF(COUNTA(FL8:FO38)>1,"Updated","Not Updated") -> Updated | FP40: =IF(COUNTA(FP8:FS38)>1,"Updated","Not Updated") -> Updated | FT40: =IF(COUNTA(FT8:FW38)>1,"Updated","Not Updated") -> Updated | FX40: =IF(COUNTA(FX8:GA38)>1,"Updated","Not Updated") -> Updated | GB40: =IF(COUNTA(GB8:GE38)>1,"Updated","Not Updated") -> Updated | GF40: =IF(COUNTA(GF8:GI38)>1,"Updated","Not Updated") -> Updated | GJ40: =IF(COUNTA(GJ8:GM38)>1,"Updated","Not Updated") -> Updated | GN40: =IF(COUNTA(GN8:GQ38)>1,"Updated","Not Updated") -> Updated | GR40: =IF(COUNTA(GR8:GU38)>1,"Updated","Not Updated") -> Updated | GV40: =IF(COUNTA(GV8:GY38)>1,"Updated","Not Updated") -> Updated | GZ40: =IF(COUNTA(GZ8:HC38)>1,"Updated","Not Updated") -> Updated | HD40: =IF(COUNTA(HD8:HG38)>1,"Updated","Not Updated") -> Updated | HH40: =IF(COUNTA(HH8:HK38)>1,"Updated","Not Updated") -> Updated | HL40: =IF(COUNTA(HL8:HO38)>1,"Updated","Not Updated") -> Updated | HP40: =IF(COUNTA(HP8:HS38)>1,"Updated","Not Updated") -> Not Updated | HT40: =IF(COUNTA(HT8:HW38)>1,"Updated","Not Updated") -> Not Updated | HX40: =IF(COUNTA(HX8:IA38)>1,"Updated","Not Updated") -> Not Updated | IB40: =IF(COUNTA(IB8:IE38)>1,"Updated","Not Updated") -> Not Updated | IF40: =IF(COUNTA(IF8:II38)>1,"Updated","Not Updated") -> Not Updated | IJ40: =IF(COUNTA(IJ8:IM38)>1,"Updated","Not Updated") -> Not Updated | IN40: =IF(COUNTA(IN8:IQ38)>1,"Updated","Not Updated") -> Not Updated | IR40: =IF(COUNTA(IR8:IU38)>1,"Updated","Not Updated") -> Not Updated | IV40: =IF(COUNTA(IV8:IY38)>1,"Updated","Not Updated") -> Not Updated | IZ40: =IF(COUNTA(IZ8:JC38)>1,"Updated","Not Updated") -> Not Updated | JD40: =IF(COUNTA(JD8:JG38)>1,"Updated","Not Updated") -> Not Updated | JH40: =IF(COUNTA(JH8:JK38)>1,"Updated","Not Updated") -> Not Updated | JL40: =IF(COUNTA(JL8:JO38)>1,"Updated","Not Updated") -> Not Updated | JP40: =IF(COUNTA(JP8:JS38)>1,"Updated","Not Updated") -> Not Updated | JT40: =IF(COUNTA(JT8:JW38)>1,"Updated","Not Updated") -> Not Updated | JX40: =IF(COUNTA(JX8:KA38)>1,"Updated","Not Updated") -> Not Updated | KB40: =IF(COUNTA(KB8:KE38)>1,"Updated","Not Updated") -> Not Updated | KF40: =IF(COUNTA(KF8:KI38)>1,"Updated","Not Updated") -> Not Updated | KJ40: =IF(COUNTA(KJ8:KM38)>1,"Updated","Not Updated") -> Not Updated | KN40: =IF(COUNTA(KN8:KQ38)>1,"Updated","Not Updated") -> Not Updated | KR40: =IF(COUNTA(KR8:KU38)>1,"Updated","Not Updated") -> Not Updated | KV40: =IF(COUNTA(KV8:KY38)>1,"Updated","Not Updated") -> Not Updated | KZ40: =IF(COUNTA(KZ8:LC38)>1,"Updated","Not Updated") -> Not Updated | LD40: =IF(COUNTA(LD8:LG38)>1,"Updated","Not Updated") -> Not Updated | LH40: =IF(COUNTA(LH8:LK38)>1,"Updated","Not Updated") -> Not Updated | LL40: =IF(COUNTA(LL8:LO38)>1,"Updated","Not Updated") -> Not Updated | LP40: =IF(COUNTA(LP8:LS38)>1,"Updated","Not Updated") -> Not Updated | LT40: =IF(COUNTA(LT8:LW38)>1,"Updated","Not Updated") -> Not Updated | LX40: =IF(COUNTA(LX8:MA38)>1,"Updated","Not Updated") -> Not Updated | MB40: =IF(COUNTA(MB8:ME38)>1,"Updated","Not Updated") -> Not Updated | MF40: =IF(COUNTA(MF8:MI38)>1,"Updated","Not Updated") -> Not Updated | MJ40: =IF(COUNTA(MJ8:MM38)>1,"Updated","Not Updated") -> Not Updated | MN40: =IF(COUNTA(MN8:MQ38)>1,"Updated","Not Updated") -> Not Updated | MR40: =IF(COUNTA(MR8:MU38)>1,"Updated","Not Updated") -> Not Updated | MV40: =IF(COUNTA(MV8:MY38)>1,"Updated","Not Updated") -> Not Updated | MZ40: =IF(COUNTA(MZ8:NC38)>1,"Updated","Not Updated") -> Not Updated | ND40: =IF(COUNTA(ND8:NG38)>1,"Updated","Not Updated") -> Not Updated | NH40: =IF(COUNTA(NH8:NK38)>1,"Updated","Not Updated") -> Not Updated | NL40: =IF(COUNTA(NL8:NO38)>1,"Updated","Not Updated") -> Not Updated | NP40: =IF(COUNTA(NP8:NS38)>1,"Updated","Not Updated") -> Not Updated | NT40: =IF(COUNTA(NT8:NW38)>1,"Updated","Not Updated") -> Not Updated | NX40: =IF(COUNTA(NX8:OA38)>1,"Updated","Not Updated") -> Not Updated | OB40: =IF(COUNTA(OB8:OE38)>1,"Updated","Not Updated") -> Not Updated | OF40: =IF(COUNTA(OF8:OI38)>1,"Updated","Not Updated") -> Not Updated | OJ40: =IF(COUNTA(OJ8:OM38)>1,"Updated","Not Updated") -> Not Updated | ON40: =IF(COUNTA(ON8:OQ38)>1,"Updated","Not Updated") -> Not Updated | OR40: =IF(COUNTA(OR8:OU38)>1,"Updated","Not Updated") -> Not Updated | OV40: =IF(COUNTA(OV8:OY38)>1,"Updated","Not Updated") -> Not Updated | OZ40: =IF(COUNTA(OZ8:PC38)>1,"Updated","Not Updated") -> Not Updated | PD40: =IF(COUNTA(PD8:PG38)>1,"Updated","Not Updated") -> Not Updated
B41: CES* | C41: Core Employibility Skills | F41: CES: Soft Skills, Communication Skills, Communicative English, Aptitude, Digital Literacy, and Interview Skills
B42: GO* | C42: GROW Orientation
B43: Ab* | C43: Absent | F43: NY* | I43: Numpy
B44: SP* | C44: Self-Placement | F44: PS* | I44: Pandas
B45: EP* | C45: Early-Placement | F45: MTP* | I45: Matplotlib
B46: QAE* | C46: QAE Skill Shift Verification | F46: SB* | I46: Seaborn
B47: Ad.Exl* | C47: Advance Excel | F47: DS* | I47: Descriptive Statistics
F48: IS* | I48: Inferential Statistics
F49: PT* | I49: Probability Theory
F50: ML* | I50: Machine Learning
F51: SQL* | I51: Mysql
F52: PY* | I52: Python
A54: Sr No. | B54: Asp ID | D54: Name | E54: TD | F54: AD | I54: TS | J54: SA | T54: Participation Status | U54: DA | AH54: =MAX(AH39:AK39) -> 24 | AL54: =MAX(AL39:AO39) -> 22 | AP54: =MAX(AP39:AS39) -> 21 | AT54: =MAX(AT39:AW39) -> 20 | AX54: =MAX(AX39:BA39) -> 23 | BB54: =MAX(BB39:BE39) -> 24 | BF54: =MAX(BF39:BI39) -> 19 | BJ54: =MAX(BJ39:BM39) -> 20 | BN54: =MAX(BN39:BQ39) -> 22 | BR54: =MAX(BR39:BU39) -> 23 | BW54: =MAX(BW39:BZ39) -> 23 | CA54: =MAX(CA39:CD39) -> 22 | CE54: =MAX(CE39:CH39) -> 24 | CI54: =MAX(CI39:CL39) -> 18 | CM54: =MAX(CM39:CP39) -> 17 | CQ54: =MAX(CQ39:CT39) -> 24 | CU54: =MAX(CU39:CX39) -> 21 | CY54: =MAX(CY39:DB39) -> 23 | DC54: =MAX(DC39:DF39) -> 21 | DG54: =MAX(DG39:DJ39) -> 22 | DK54: =MAX(DK39:DN39) -> 22 | DO54: =MAX(DO39:DR39) -> 22 | DS54: =MAX(DS39:DV39) -> 20 | DW54: =MAX(DW39:DZ39) -> 20 | EA54: =MAX(EA39:ED39) -> 17 | EE54: =MAX(EE39:EH39) -> 22 | EI54: =MAX(EI39:EL39) -> 22 | EM54: =MAX(EM39:EP39) -> 22 | EQ54: =MAX(EQ39:ET39) -> 22 | EU54: =MAX(EU39:EX39) -> 22 | EZ54: =MAX(EZ39:FC39) -> 22 | FD54: =MAX(FD39:FG39) -> 21 | FH54: =MAX(FH39:FK39) -> 21 | FL54: =MAX(FL39:FO39) -> 22 | FP54: =MAX(FP39:FS39) -> 13 | FT54: =MAX(FT39:FW39) -> 21 | FX54: =MAX(FX39:GA39) -> 20 | GB54: =MAX(GB39:GE39) -> 24 | GF54: =MAX(GF39:GI39) -> 22 | GJ54: =MAX(GJ39:GM39) -> 21 | GN54: =MAX(GN39:GQ39) -> 20 | GR54: =MAX(GR39:GU39) -> 22 | GV54: =MAX(GV39:GY39) -> 23 | GZ54: =MAX(GZ39:HC39) -> 21 | HD54: =MAX(HD39:HG39) -> 23 | HH54: =MAX(HH39:HK39) -> 14 | HL54: =MAX(HL39:HO39) -> 21 | HP54: =MAX(HP39:HS39) -> 0 | HT54: =MAX(HT39:HW39) -> 0 | HX54: =MAX(HX39:IA39) -> 0 | IB54: =MAX(IB39:IE39) -> 0 | IF54: =MAX(IF39:II39) -> 0 | IJ54: =MAX(IJ39:IM39) -> 0 | IN54: =MAX(IN39:IQ39) -> 0 | IR54: =MAX(IR39:IU39) -> 0 | IV54: =MAX(IV39:IY39) -> 0 | IZ54: =MAX(IZ39:JC39) -> 0 | JD54: =MAX(JD39:JG39) -> 0 | JH54: =MAX(JH39:JK39) -> 0 | JL54: =MAX(JL39:JO39) -> 0 | JP54: =MAX(JP39:JS39) -> 0 | JT54: =MAX(JT39:JW39) -> 0 | JX54: =MAX(JX39:KA39) -> 0 | KB54: =MAX(KB39:KE39) -> 0 | KF54: =MAX(KF39:KI39) -> 0 | KJ54: =MAX(KJ39:KM39) -> 0 | KN54: =MAX(KN39:KQ39) -> 0 | KR54: =MAX(KR39:KU39) -> 0 | KV54: =MAX(KV39:KY39) -> 0 | KZ54: =MAX(KZ39:LC39) -> 0 | LD54: =MAX(LD39:LG39) -> 0 | LH54: =MAX(LH39:LK39) -> 0 | LL54: =MAX(LL39:LO39) -> 0 | LP54: =MAX(LP39:LS39) -> 0 | LT54: =MAX(LT39:LW39) -> 0 | LX54: =MAX(LX39:MA39) -> 0 | MB54: =MAX(MB39:ME39) -> 0 | MF54: =MAX(MF39:MI39) -> 0 | MJ54: =MAX(MJ39:MM39) -> 0 | MN54: =MAX(MN39:MQ39) -> 0 | MR54: =MAX(MR39:MU39) -> 0 | MV54: =MAX(MV39:MY39) -> 0 | MZ54: =MAX(MZ39:NC39) -> 0 | ND54: =MAX(ND39:NG39) -> 0 | NH54: =MAX(NH39:NK39) -> 0 | NL54: =MAX(NL39:NO39) -> 0 | NP54: =MAX(NP39:NS39) -> 0 | NT54: =MAX(NT39:NW39) -> 0 | NX54: =MAX(NX39:OA39) -> 0 | OB54: =MAX(OB39:OE39) -> 0 | OF54: =MAX(OF39:OI39) -> 0 | OJ54: =MAX(OJ39:OM39) -> 0 | ON54: =MAX(ON39:OQ39) -> 0 | OR54: =MAX(OR39:OU39) -> 0 | OV54: =MAX(OV39:OY39) -> 0 | OZ54: =MAX(OZ39:PC39) -> 0 | PD54: =MAX(PD39:PG39) -> 0
A55: =A8 -> 1 | B55: =B8 -> 351008 | D55: =D8 -> Kishorekumar R | E55: 137 | F55: =AE8 -> 46 | H55: =IF(U55="","", IF(U55<60%,"Dropout",IF(U55>=69.5%, "Regular","Irregular"))) -> Regular | I55: =AC8 -> 172 | J55: =AD8 -> 168 | T55: =IF($B55="","", IF(COUNTIF(AH8:AJW8,"EP")>=1,"Early-Placement",IF(COUNTIF(AH8:AJW8,"SP")>=1,"Self-Placement",IF(AF8>=69.5%,"Completed","Dropped")))) -> Completed | U55: =AF8 -> 1.5206612 | AG55: =SUM(AH55:SW55) -> 46 | AH55: =IF(IF(IF(COUNTA(AH8:AK8)=0, 0,IF(COUNTIF(AH8:AK8,"Ab")=4,0,1))=0,0,IF(COUNTIF(AH8:AK8,"EP")=4,0,1))=0,0,IF(COUNTIF(AH8:AK8,"SP")=4,0,1)) -> 1 | AL55: =IF(IF(IF(COUNTA(AL8:AO8)=0, 0,IF(COUNTIF(AL8:AO8,"Ab")=4,0,1))=0,0,IF(COUNTIF(AL8:AO8,"EP")=4,0,1))=0,0,IF(COUNTIF(AL8:AO8,"SP")=4,0,1)) -> 1 | AP55: =IF(IF(IF(COUNTA(AP8:AS8)=0, 0,IF(COUNTIF(AP8:AS8,"Ab")=4,0,1))=0,0,IF(COUNTIF(AP8:AS8,"EP")=4,0,1))=0,0,IF(COUNTIF(AP8:AS8,"SP")=4,0,1)) -> 1 | AT55: =IF(IF(IF(COUNTA(AT8:AW8)=0, 0,IF(COUNTIF(AT8:AW8,"Ab")=4,0,1))=0,0,IF(COUNTIF(AT8:AW8,"EP")=4,0,1))=0,0,IF(COUNTIF(AT8:AW8,"SP")=4,0,1)) -> 1 | AX55: =IF(IF(IF(COUNTA(AX8:BA8)=0, 0,IF(COUNTIF(AX8:BA8,"Ab")=4,0,1))=0,0,IF(COUNTIF(AX8:BA8,"EP")=4,0,1))=0,0,IF(COUNTIF(AX8:BA8,"SP")=4,0,1)) -> 1 | BB55: =IF(IF(IF(COUNTA(BB8:BE8)=0, 0,IF(COUNTIF(BB8:BE8,"Ab")=4,0,1))=0,0,IF(COUNTIF(BB8:BE8,"EP")=4,0,1))=0,0,IF(COUNTIF(BB8:BE8,"SP")=4,0,1)) -> 1 | BF55: =IF(IF(IF(COUNTA(BF8:BI8)=0, 0,IF(COUNTIF(BF8:BI8,"Ab")=4,0,1))=0,0,IF(COUNTIF(BF8:BI8,"EP")=4,0,1))=0,0,IF(COUNTIF(BF8:BI8,"SP")=4,0,1)) -> 1 | BJ55: =IF(IF(IF(COUNTA(BJ8:BM8)=0, 0,IF(COUNTIF(BJ8:BM8,"Ab")=4,0,1))=0,0,IF(COUNTIF(BJ8:BM8,"EP")=4,0,1))=0,0,IF(COUNTIF(BJ8:BM8,"SP")=4,0,1)) -> 1 | BN55: =IF(IF(IF(COUNTA(BN8:BQ8)=0, 0,IF(COUNTIF(BN8:BQ8,"Ab")=4,0,1))=0,0,IF(COUNTIF(BN8:BQ8,"EP")=4,0,1))=0,0,IF(COUNTIF(BN8:BQ8,"SP")=4,0,1)) -> 1 | BR55: =IF(IF(IF(COUNTA(BR8:BU8)=0, 0,IF(COUNTIF(BR8:BU8,"Ab")=4,0,1))=0,0,IF(COUNTIF(BR8:BU8,"EP")=4,0,1))=0,0,IF(COUNTIF(BR8:BU8,"SP")=4,0,1)) -> 1 | BW55: =IF(IF(IF(COUNTA(BW8:BZ8)=0, 0,IF(COUNTIF(BW8:BZ8,"Ab")=4,0,1))=0,0,IF(COUNTIF(BW8:BZ8,"EP")=4,0,1))=0,0,IF(COUNTIF(BW8:BZ8,"SP")=4,0,1)) -> 1 | CA55: =IF(IF(IF(COUNTA(CA8:CD8)=0, 0,IF(COUNTIF(CA8:CD8,"Ab")=4,0,1))=0,0,IF(COUNTIF(CA8:CD8,"EP")=4,0,1))=0,0,IF(COUNTIF(CA8:CD8,"SP")=4,0,1)) -> 1 | CE55: =IF(IF(IF(COUNTA(CE8:CH8)=0, 0,IF(COUNTIF(CE8:CH8,"Ab")=4,0,1))=0,0,IF(COUNTIF(CE8:CH8,"EP")=4,0,1))=0,0,IF(COUNTIF(CE8:CH8,"SP")=4,0,1)) -> 1 | CI55: =IF(IF(IF(COUNTA(CI8:CL8)=0, 0,IF(COUNTIF(CI8:CL8,"Ab")=4,0,1))=0,0,IF(COUNTIF(CI8:CL8,"EP")=4,0,1))=0,0,IF(COUNTIF(CI8:CL8,"SP")=4,0,1)) -> 1 | CM55: =IF(IF(IF(COUNTA(CM8:CP8)=0, 0,IF(COUNTIF(CM8:CP8,"Ab")=4,0,1))=0,0,IF(COUNTIF(CM8:CP8,"EP")=4,0,1))=0,0,IF(COUNTIF(CM8:CP8,"SP")=4,0,1)) -> 1 | CQ55: =IF(IF(IF(COUNTA(CQ8:CT8)=0, 0,IF(COUNTIF(CQ8:CT8,"Ab")=4,0,1))=0,0,IF(COUNTIF(CQ8:CT8,"EP")=4,0,1))=0,0,IF(COUNTIF(CQ8:CT8,"SP")=4,0,1)) -> 1 | CU55: =IF(IF(IF(COUNTA(CU8:CX8)=0, 0,IF(COUNTIF(CU8:CX8,"Ab")=4,0,1))=0,0,IF(COUNTIF(CU8:CX8,"EP")=4,0,1))=0,0,IF(COUNTIF(CU8:CX8,"SP")=4,0,1)) -> 1 | CY55: =IF(IF(IF(COUNTA(CY8:DB8)=0, 0,IF(COUNTIF(CY8:DB8,"Ab")=4,0,1))=0,0,IF(COUNTIF(CY8:DB8,"EP")=4,0,1))=0,0,IF(COUNTIF(CY8:DB8,"SP")=4,0,1)) -> 1 | DC55: =IF(IF(IF(COUNTA(DC8:DF8)=0, 0,IF(COUNTIF(DC8:DF8,"Ab")=4,0,1))=0,0,IF(COUNTIF(DC8:DF8,"EP")=4,0,1))=0,0,IF(COUNTIF(DC8:DF8,"SP")=4,0,1)) -> 1 | DG55: =IF(IF(IF(COUNTA(DG8:DJ8)=0, 0,IF(COUNTIF(DG8:DJ8,"Ab")=4,0,1))=0,0,IF(COUNTIF(DG8:DJ8,"EP")=4,0,1))=0,0,IF(COUNTIF(DG8:DJ8,"SP")=4,0,1)) -> 1 | DK55: =IF(IF(IF(COUNTA(DK8:DN8)=0, 0,IF(COUNTIF(DK8:DN8,"Ab")=4,0,1))=0,0,IF(COUNTIF(DK8:DN8,"EP")=4,0,1))=0,0,IF(COUNTIF(DK8:DN8,"SP")=4,0,1)) -> 1 | DO55: =IF(IF(IF(COUNTA(DO8:DR8)=0, 0,IF(COUNTIF(DO8:DR8,"Ab")=4,0,1))=0,0,IF(COUNTIF(DO8:DR8,"EP")=4,0,1))=0,0,IF(COUNTIF(DO8:DR8,"SP")=4,0,1)) -> 1 | DS55: =IF(IF(IF(COUNTA(DS8:DV8)=0, 0,IF(COUNTIF(DS8:DV8,"Ab")=4,0,1))=0,0,IF(COUNTIF(DS8:DV8,"EP")=4,0,1))=0,0,IF(COUNTIF(DS8:DV8,"SP")=4,0,1)) -> 1 | DW55: =IF(IF(IF(COUNTA(DW8:DZ8)=0, 0,IF(COUNTIF(DW8:DZ8,"Ab")=4,0,1))=0,0,IF(COUNTIF(DW8:DZ8,"EP")=4,0,1))=0,0,IF(COUNTIF(DW8:DZ8,"SP")=4,0,1)) -> 1 | EA55: =IF(IF(IF(COUNTA(EA8:ED8)=0, 0,IF(COUNTIF(EA8:ED8,"Ab")=4,0,1))=0,0,IF(COUNTIF(EA8:ED8,"EP")=4,0,1))=0,0,IF(COUNTIF(EA8:ED8,"SP")=4,0,1)) -> 1 | EE55: =IF(IF(IF(COUNTA(EE8:EH8)=0, 0,IF(COUNTIF(EE8:EH8,"Ab")=4,0,1))=0,0,IF(COUNTIF(EE8:EH8,"EP")=4,0,1))=0,0,IF(COUNTIF(EE8:EH8,"SP")=4,0,1)) -> 1 | EI55: =IF(IF(IF(COUNTA(EI8:EL8)=0, 0,IF(COUNTIF(EI8:EL8,"Ab")=4,0,1))=0,0,IF(COUNTIF(EI8:EL8,"EP")=4,0,1))=0,0,IF(COUNTIF(EI8:EL8,"SP")=4,0,1)) -> 1 | EM55: =IF(IF(IF(COUNTA(EM8:EP8)=0, 0,IF(COUNTIF(EM8:EP8,"Ab")=4,0,1))=0,0,IF(COUNTIF(EM8:EP8,"EP")=4,0,1))=0,0,IF(COUNTIF(EM8:EP8,"SP")=4,0,1)) -> 1 | EQ55: =IF(IF(IF(COUNTA(EQ8:ET8)=0, 0,IF(COUNTIF(EQ8:ET8,"Ab")=4,0,1))=0,0,IF(COUNTIF(EQ8:ET8,"EP")=4,0,1))=0,0,IF(COUNTIF(EQ8:ET8,"SP")=4,0,1)) -> 1 | EU55: =IF(IF(IF(COUNTA(EU8:EX8)=0, 0,IF(COUNTIF(EU8:EX8,"Ab")=4,0,1))=0,0,IF(COUNTIF(EU8:EX8,"EP")=4,0,1))=0,0,IF(COUNTIF(EU8:EX8,"SP")=4,0,1)) -> 1 | EZ55: =IF(IF(IF(COUNTA(EZ8:FC8)=0, 0,IF(COUNTIF(EZ8:FC8,"Ab")=4,0,1))=0,0,IF(COUNTIF(EZ8:FC8,"EP")=4,0,1))=0,0,IF(COUNTIF(EZ8:FC8,"SP")=4,0,1)) -> 1 | FD55: =IF(IF(IF(COUNTA(FD8:FG8)=0, 0,IF(COUNTIF(FD8:FG8,"Ab")=4,0,1))=0,0,IF(COUNTIF(FD8:FG8,"EP")=4,0,1))=0,0,IF(COUNTIF(FD8:FG8,"SP")=4,0,1)) -> 1 | FH55: =IF(IF(IF(COUNTA(FH8:FK8)=0, 0,IF(COUNTIF(FH8:FK8,"Ab")=4,0,1))=0,0,IF(COUNTIF(FH8:FK8,"EP")=4,0,1))=0,0,IF(COUNTIF(FH8:FK8,"SP")=4,0,1)) -> 1 | FL55: =IF(IF(IF(COUNTA(FL8:FO8)=0, 0,IF(COUNTIF(FL8:FO8,"Ab")=4,0,1))=0,0,IF(COUNTIF(FL8:FO8,"EP")=4,0,1))=0,0,IF(COUNTIF(FL8:FO8,"SP")=4,0,1)) -> 1 | FP55: =IF(IF(IF(COUNTA(FP8:FS8)=0, 0,IF(COUNTIF(FP8:FS8,"Ab")=4,0,1))=0,0,IF(COUNTIF(FP8:FS8,"EP")=4,0,1))=0,0,IF(COUNTIF(FP8:FS8,"SP")=4,0,1)) -> 0 | FT55: =IF(IF(IF(COUNTA(FT8:FW8)=0, 0,IF(COUNTIF(FT8:FW8,"Ab")=4,0,1))=0,0,IF(COUNTIF(FT8:FW8,"EP")=4,0,1))=0,0,IF(COUNTIF(FT8:FW8,"SP")=4,0,1)) -> 1 | FX55: =IF(IF(IF(COUNTA(FX8:GA8)=0, 0,IF(COUNTIF(FX8:GA8,"Ab")=4,0,1))=0,0,IF(COUNTIF(FX8:GA8,"EP")=4,0,1))=0,0,IF(COUNTIF(FX8:GA8,"SP")=4,0,1)) -> 1 | GB55: =IF(IF(IF(COUNTA(GB8:GE8)=0, 0,IF(COUNTIF(GB8:GE8,"Ab")=4,0,1))=0,0,IF(COUNTIF(GB8:GE8,"EP")=4,0,1))=0,0,IF(COUNTIF(GB8:GE8,"SP")=4,0,1)) -> 1 | GF55: =IF(IF(IF(COUNTA(GF8:GI8)=0, 0,IF(COUNTIF(GF8:GI8,"Ab")=4,0,1))=0,0,IF(COUNTIF(GF8:GI8,"EP")=4,0,1))=0,0,IF(COUNTIF(GF8:GI8,"SP")=4,0,1)) -> 1 | GJ55: =IF(IF(IF(COUNTA(GJ8:GM8)=0, 0,IF(COUNTIF(GJ8:GM8,"Ab")=4,0,1))=0,0,IF(COUNTIF(GJ8:GM8,"EP")=4,0,1))=0,0,IF(COUNTIF(GJ8:GM8,"SP")=4,0,1)) -> 1 | GN55: =IF(IF(IF(COUNTA(GN8:GQ8)=0, 0,IF(COUNTIF(GN8:GQ8,"Ab")=4,0,1))=0,0,IF(COUNTIF(GN8:GQ8,"EP")=4,0,1))=0,0,IF(COUNTIF(GN8:GQ8,"SP")=4,0,1)) -> 1 | GR55: =IF(IF(IF(COUNTA(GR8:GU8)=0, 0,IF(COUNTIF(GR8:GU8,"Ab")=4,0,1))=0,0,IF(COUNTIF(GR8:GU8,"EP")=4,0,1))=0,0,IF(COUNTIF(GR8:GU8,"SP")=4,0,1)) -> 1 | GV55: =IF(IF(IF(COUNTA(GV8:GY8)=0, 0,IF(COUNTIF(GV8:GY8,"Ab")=4,0,1))=0,0,IF(COUNTIF(GV8:GY8,"EP")=4,0,1))=0,0,IF(COUNTIF(GV8:GY8,"SP")=4,0,1)) -> 1 | GZ55: =IF(IF(IF(COUNTA(GZ8:HC8)=0, 0,IF(COUNTIF(GZ8:HC8,"Ab")=4,0,1))=0,0,IF(COUNTIF(GZ8:HC8,"EP")=4,0,1))=0,0,IF(COUNTIF(GZ8:HC8,"SP")=4,0,1)) -> 1 | HD55: =IF(IF(IF(COUNTA(HD8:HG8)=0, 0,IF(COUNTIF(HD8:HG8,"Ab")=4,0,1))=0,0,IF(COUNTIF(HD8:HG8,"EP")=4,0,1))=0,0,IF(COUNTIF(HD8:HG8,"SP")=4,0,1)) -> 1 | HH55: =IF(IF(IF(COUNTA(HH8:HK8)=0, 0,IF(COUNTIF(HH8:HK8,"Ab")=4,0,1))=0,0,IF(COUNTIF(HH8:HK8,"EP")=4,0,1))=0,0,IF(COUNTIF(HH8:HK8,"SP")=4,0,1)) -> 1 | HL55: =IF(IF(IF(COUNTA(HL8:HO8)=0, 0,IF(COUNTIF(HL8:HO8,"Ab")=4,0,1))=0,0,IF(COUNTIF(HL8:HO8,"EP")=4,0,1))=0,0,IF(COUNTIF(HL8:HO8,"SP")=4,0,1)) -> 1 | HP55: =IF(IF(IF(COUNTA(HP8:HS8)=0, 0,IF(COUNTIF(HP8:HS8,"Ab")=4,0,1))=0,0,IF(COUNTIF(HP8:HS8,"EP")=4,0,1))=0,0,IF(COUNTIF(HP8:HS8,"SP")=4,0,1)) -> 0 | HT55: =IF(IF(IF(COUNTA(HT8:HW8)=0, 0,IF(COUNTIF(HT8:HW8,"Ab")=4,0,1))=0,0,IF(COUNTIF(HT8:HW8,"EP")=4,0,1))=0,0,IF(COUNTIF(HT8:HW8,"SP")=4,0,1)) -> 0 | HX55: =IF(IF(IF(COUNTA(HX8:IA8)=0, 0,IF(COUNTIF(HX8:IA8,"Ab")=4,0,1))=0,0,IF(COUNTIF(HX8:IA8,"EP")=4,0,1))=0,0,IF(COUNTIF(HX8:IA8,"SP")=4,0,1)) -> 0 | IB55: =IF(IF(IF(COUNTA(IB8:IE8)=0, 0,IF(COUNTIF(IB8:IE8,"Ab")=4,0,1))=0,0,IF(COUNTIF(IB8:IE8,"EP")=4,0,1))=0,0,IF(COUNTIF(IB8:IE8,"SP")=4,0,1)) -> 0 | IF55: =IF(IF(IF(COUNTA(IF8:II8)=0, 0,IF(COUNTIF(IF8:II8,"Ab")=4,0,1))=0,0,IF(COUNTIF(IF8:II8,"EP")=4,0,1))=0,0,IF(COUNTIF(IF8:II8,"SP")=4,0,1)) -> 0 | IJ55: =IF(IF(IF(COUNTA(IJ8:IM8)=0, 0,IF(COUNTIF(IJ8:IM8,"Ab")=4,0,1))=0,0,IF(COUNTIF(IJ8:IM8,"EP")=4,0,1))=0,0,IF(COUNTIF(IJ8:IM8,"SP")=4,0,1)) -> 0 | IN55: =IF(IF(IF(COUNTA(IN8:IQ8)=0, 0,IF(COUNTIF(IN8:IQ8,"Ab")=4,0,1))=0,0,IF(COUNTIF(IN8:IQ8,"EP")=4,0,1))=0,0,IF(COUNTIF(IN8:IQ8,"SP")=4,0,1)) -> 0 | IR55: =IF(IF(IF(COUNTA(IR8:IU8)=0, 0,IF(COUNTIF(IR8:IU8,"Ab")=4,0,1))=0,0,IF(COUNTIF(IR8:IU8,"EP")=4,0,1))=0,0,IF(COUNTIF(IR8:IU8,"SP")=4,0,1)) -> 0 | IV55: =IF(IF(IF(COUNTA(IV8:IY8)=0, 0,IF(COUNTIF(IV8:IY8,"Ab")=4,0,1))=0,0,IF(COUNTIF(IV8:IY8,"EP")=4,0,1))=0,0,IF(COUNTIF(IV8:IY8,"SP")=4,0,1)) -> 0 | IZ55: =IF(IF(IF(COUNTA(IZ8:JC8)=0, 0,IF(COUNTIF(IZ8:JC8,"Ab")=4,0,1))=0,0,IF(COUNTIF(IZ8:JC8,"EP")=4,0,1))=0,0,IF(COUNTIF(IZ8:JC8,"SP")=4,0,1)) -> 0 | JD55: =IF(IF(IF(COUNTA(JD8:JG8)=0, 0,IF(COUNTIF(JD8:JG8,"Ab")=4,0,1))=0,0,IF(COUNTIF(JD8:JG8,"EP")=4,0,1))=0,0,IF(COUNTIF(JD8:JG8,"SP")=4,0,1)) -> 0 | JH55: =IF(IF(IF(COUNTA(JH8:JK8)=0, 0,IF(COUNTIF(JH8:JK8,"Ab")=4,0,1))=0,0,IF(COUNTIF(JH8:JK8,"EP")=4,0,1))=0,0,IF(COUNTIF(JH8:JK8,"SP")=4,0,1)) -> 0 | JL55: =IF(IF(IF(COUNTA(JL8:JO8)=0, 0,IF(COUNTIF(JL8:JO8,"Ab")=4,0,1))=0,0,IF(COUNTIF(JL8:JO8,"EP")=4,0,1))=0,0,IF(COUNTIF(JL8:JO8,"SP")=4,0,1)) -> 0 | JP55: =IF(IF(IF(COUNTA(JP8:JS8)=0, 0,IF(COUNTIF(JP8:JS8,"Ab")=4,0,1))=0,0,IF(COUNTIF(JP8:JS8,"EP")=4,0,1))=0,0,IF(COUNTIF(JP8:JS8,"SP")=4,0,1)) -> 0 | JT55: =IF(IF(IF(COUNTA(JT8:JW8)=0, 0,IF(COUNTIF(JT8:JW8,"Ab")=4,0,1))=0,0,IF(COUNTIF(JT8:JW8,"EP")=4,0,1))=0,0,IF(COUNTIF(JT8:JW8,"SP")=4,0,1)) -> 0 | JX55: =IF(IF(IF(COUNTA(JX8:KA8)=0, 0,IF(COUNTIF(JX8:KA8,"Ab")=4,0,1))=0,0,IF(COUNTIF(JX8:KA8,"EP")=4,0,1))=0,0,IF(COUNTIF(JX8:KA8,"SP")=4,0,1)) -> 0 | KB55: =IF(IF(IF(COUNTA(KB8:KE8)=0, 0,IF(COUNTIF(KB8:KE8,"Ab")=4,0,1))=0,0,IF(COUNTIF(KB8:KE8,"EP")=4,0,1))=0,0,IF(COUNTIF(KB8:KE8,"SP")=4,0,1)) -> 0 | KF55: =IF(IF(IF(COUNTA(KF8:KI8)=0, 0,IF(COUNTIF(KF8:KI8,"Ab")=4,0,1))=0,0,IF(COUNTIF(KF8:KI8,"EP")=4,0,1))=0,0,IF(COUNTIF(KF8:KI8,"SP")=4,0,1)) -> 0 | KJ55: =IF(IF(IF(COUNTA(KJ8:KM8)=0, 0,IF(COUNTIF(KJ8:KM8,"Ab")=4,0,1))=0,0,IF(COUNTIF(KJ8:KM8,"EP")=4,0,1))=0,0,IF(COUNTIF(KJ8:KM8,"SP")=4,0,1)) -> 0 | KN55: =IF(IF(IF(COUNTA(KN8:KQ8)=0, 0,IF(COUNTIF(KN8:KQ8,"Ab")=4,0,1))=0,0,IF(COUNTIF(KN8:KQ8,"EP")=4,0,1))=0,0,IF(COUNTIF(KN8:KQ8,"SP")=4,0,1)) -> 0 | KR55: =IF(IF(IF(COUNTA(KR8:KU8)=0, 0,IF(COUNTIF(KR8:KU8,"Ab")=4,0,1))=0,0,IF(COUNTIF(KR8:KU8,"EP")=4,0,1))=0,0,IF(COUNTIF(KR8:KU8,"SP")=4,0,1)) -> 0 | KV55: =IF(IF(IF(COUNTA(KV8:KY8)=0, 0,IF(COUNTIF(KV8:KY8,"Ab")=4,0,1))=0,0,IF(COUNTIF(KV8:KY8,"EP")=4,0,1))=0,0,IF(COUNTIF(KV8:KY8,"SP")=4,0,1)) -> 0 | KZ55: =IF(IF(IF(COUNTA(KZ8:LC8)=0, 0,IF(COUNTIF(KZ8:LC8,"Ab")=4,0,1))=0,0,IF(COUNTIF(KZ8:LC8,"EP")=4,0,1))=0,0,IF(COUNTIF(KZ8:LC8,"SP")=4,0,1)) -> 0 | LD55: =IF(IF(IF(COUNTA(LD8:LG8)=0, 0,IF(COUNTIF(LD8:LG8,"Ab")=4,0,1))=0,0,IF(COUNTIF(LD8:LG8,"EP")=4,0,1))=0,0,IF(COUNTIF(LD8:LG8,"SP")=4,0,1)) -> 0 | LH55: =IF(IF(IF(COUNTA(LH8:LK8)=0, 0,IF(COUNTIF(LH8:LK8,"Ab")=4,0,1))=0,0,IF(COUNTIF(LH8:LK8,"EP")=4,0,1))=0,0,IF(COUNTIF(LH8:LK8,"SP")=4,0,1)) -> 0 | LL55: =IF(IF(IF(COUNTA(LL8:LO8)=0, 0,IF(COUNTIF(LL8:LO8,"Ab")=4,0,1))=0,0,IF(COUNTIF(LL8:LO8,"EP")=4,0,1))=0,0,IF(COUNTIF(LL8:LO8,"SP")=4,0,1)) -> 0 | LP55: =IF(IF(IF(COUNTA(LP8:LS8)=0, 0,IF(COUNTIF(LP8:LS8,"Ab")=4,0,1))=0,0,IF(COUNTIF(LP8:LS8,"EP")=4,0,1))=0,0,IF(COUNTIF(LP8:LS8,"SP")=4,0,1)) -> 0 | LT55: =IF(IF(IF(COUNTA(LT8:LW8)=0, 0,IF(COUNTIF(LT8:LW8,"Ab")=4,0,1))=0,0,IF(COUNTIF(LT8:LW8,"EP")=4,0,1))=0,0,IF(COUNTIF(LT8:LW8,"SP")=4,0,1)) -> 0 | LX55: =IF(IF(IF(COUNTA(LX8:MA8)=0, 0,IF(COUNTIF(LX8:MA8,"Ab")=4,0,1))=0,0,IF(COUNTIF(LX8:MA8,"EP")=4,0,1))=0,0,IF(COUNTIF(LX8:MA8,"SP")=4,0,1)) -> 0 | MB55: =IF(IF(IF(COUNTA(MB8:ME8)=0, 0,IF(COUNTIF(MB8:ME8,"Ab")=4,0,1))=0,0,IF(COUNTIF(MB8:ME8,"EP")=4,0,1))=0,0,IF(COUNTIF(MB8:ME8,"SP")=4,0,1)) -> 0 | MF55: =IF(IF(IF(COUNTA(MF8:MI8)=0, 0,IF(COUNTIF(MF8:MI8,"Ab")=4,0,1))=0,0,IF(COUNTIF(MF8:MI8,"EP")=4,0,1))=0,0,IF(COUNTIF(MF8:MI8,"SP")=4,0,1)) -> 0 | MJ55: =IF(IF(IF(COUNTA(MJ8:MM8)=0, 0,IF(COUNTIF(MJ8:MM8,"Ab")=4,0,1))=0,0,IF(COUNTIF(MJ8:MM8,"EP")=4,0,1))=0,0,IF(COUNTIF(MJ8:MM8,"SP")=4,0,1)) -> 0 | MN55: =IF(IF(IF(COUNTA(MN8:MQ8)=0, 0,IF(COUNTIF(MN8:MQ8,"Ab")=4,0,1))=0,0,IF(COUNTIF(MN8:MQ8,"EP")=4,0,1))=0,0,IF(COUNTIF(MN8:MQ8,"SP")=4,0,1)) -> 0 | MR55: =IF(IF(IF(COUNTA(MR8:MU8)=0, 0,IF(COUNTIF(MR8:MU8,"Ab")=4,0,1))=0,0,IF(COUNTIF(MR8:MU8,"EP")=4,0,1))=0,0,IF(COUNTIF(MR8:MU8,"SP")=4,0,1)) -> 0 | MV55: =IF(IF(IF(COUNTA(MV8:MY8)=0, 0,IF(COUNTIF(MV8:MY8,"Ab")=4,0,1))=0,0,IF(COUNTIF(MV8:MY8,"EP")=4,0,1))=0,0,IF(COUNTIF(MV8:MY8,"SP")=4,0,1)) -> 0 | MZ55: =IF(IF(IF(COUNTA(MZ8:NC8)=0, 0,IF(COUNTIF(MZ8:NC8,"Ab")=4,0,1))=0,0,IF(COUNTIF(MZ8:NC8,"EP")=4,0,1))=0,0,IF(COUNTIF(MZ8:NC8,"SP")=4,0,1)) -> 0 | ND55: =IF(IF(IF(COUNTA(ND8:NG8)=0, 0,IF(COUNTIF(ND8:NG8,"Ab")=4,0,1))=0,0,IF(COUNTIF(ND8:NG8,"EP")=4,0,1))=0,0,IF(COUNTIF(ND8:NG8,"SP")=4,0,1)) -> 0 | NH55: =IF(IF(IF(COUNTA(NH8:NK8)=0, 0,IF(COUNTIF(NH8:NK8,"Ab")=4,0,1))=0,0,IF(COUNTIF(NH8:NK8,"EP")=4,0,1))=0,0,IF(COUNTIF(NH8:NK8,"SP")=4,0,1)) -> 0 | NL55: =IF(IF(IF(COUNTA(NL8:NO8)=0, 0,IF(COUNTIF(NL8:NO8,"Ab")=4,0,1))=0,0,IF(COUNTIF(NL8:NO8,"EP")=4,0,1))=0,0,IF(COUNTIF(NL8:NO8,"SP")=4,0,1)) -> 0 | NP55: =IF(IF(IF(COUNTA(NP8:NS8)=0, 0,IF(COUNTIF(NP8:NS8,"Ab")=4,0,1))=0,0,IF(COUNTIF(NP8:NS8,"EP")=4,0,1))=0,0,IF(COUNTIF(NP8:NS8,"SP")=4,0,1)) -> 0 | NT55: =IF(IF(IF(COUNTA(NT8:NW8)=0, 0,IF(COUNTIF(NT8:NW8,"Ab")=4,0,1))=0,0,IF(COUNTIF(NT8:NW8,"EP")=4,0,1))=0,0,IF(COUNTIF(NT8:NW8,"SP")=4,0,1)) -> 0 | NX55: =IF(IF(IF(COUNTA(NX8:OA8)=0, 0,IF(COUNTIF(NX8:OA8,"Ab")=4,0,1))=0,0,IF(COUNTIF(NX8:OA8,"EP")=4,0,1))=0,0,IF(COUNTIF(NX8:OA8,"SP")=4,0,1)) -> 0 | OB55: =IF(IF(IF(COUNTA(OB8:OE8)=0, 0,IF(COUNTIF(OB8:OE8,"Ab")=4,0,1))=0,0,IF(COUNTIF(OB8:OE8,"EP")=4,0,1))=0,0,IF(COUNTIF(OB8:OE8,"SP")=4,0,1)) -> 0 | OF55: =IF(IF(IF(COUNTA(OF8:OI8)=0, 0,IF(COUNTIF(OF8:OI8,"Ab")=4,0,1))=0,0,IF(COUNTIF(OF8:OI8,"EP")=4,0,1))=0,0,IF(COUNTIF(OF8:OI8,"SP")=4,0,1)) -> 0 | OJ55: =IF(IF(IF(COUNTA(OJ8:OM8)=0, 0,IF(COUNTIF(OJ8:OM8,"Ab")=4,0,1))=0,0,IF(COUNTIF(OJ8:OM8,"EP")=4,0,1))=0,0,IF(COUNTIF(OJ8:OM8,"SP")=4,0,1)) -> 0 | ON55: =IF(IF(IF(COUNTA(ON8:OQ8)=0, 0,IF(COUNTIF(ON8:OQ8,"Ab")=4,0,1))=0,0,IF(COUNTIF(ON8:OQ8,"EP")=4,0,1))=0,0,IF(COUNTIF(ON8:OQ8,"SP")=4,0,1)) -> 0 | OR55: =IF(IF(IF(COUNTA(OR8:OU8)=0, 0,IF(COUNTIF(OR8:OU8,"Ab")=4,0,1))=0,0,IF(COUNTIF(OR8:OU8,"EP")=4,0,1))=0,0,IF(COUNTIF(OR8:OU8,"SP")=4,0,1)) -> 0 | OV55: =IF(IF(IF(COUNTA(OV8:OY8)=0, 0,IF(COUNTIF(OV8:OY8,"Ab")=4,0,1))=0,0,IF(COUNTIF(OV8:OY8,"EP")=4,0,1))=0,0,IF(COUNTIF(OV8:OY8,"SP")=4,0,1)) -> 0 | OZ55: =IF(IF(IF(COUNTA(OZ8:PC8)=0, 0,IF(COUNTIF(OZ8:PC8,"Ab")=4,0,1))=0,0,IF(COUNTIF(OZ8:PC8,"EP")=4,0,1))=0,0,IF(COUNTIF(OZ8:PC8,"SP")=4,0,1)) -> 0 | PD55: =IF(IF(IF(COUNTA(PD8:PG8)=0, 0,IF(COUNTIF(PD8:PG8,"Ab")=4,0,1))=0,0,IF(COUNTIF(PD8:PG8,"EP")=4,0,1))=0,0,IF(COUNTIF(PD8:PG8,"SP")=4,0,1)) -> 0
A56: =#REF! -> #REF! | B56: =#REF! -> #REF! | D56: =#REF! -> #REF! | E56: =COUNTA(#REF!)+COUNTA(#REF!)+COUNTA(#REF!)/4 -> 2.25 | F56: =#REF! -> #REF! | H56: =IF(U56="","", IF(U56<60%,"Dropout",IF(U56>=69.5%, "Regular","Irregular"))) -> #REF! | I56: =#REF! -> #REF! | J56: =#REF! -> #REF! | T56: =IF($B56="","", IF(COUNTIF(#REF!,"EP")>=1,"Early-Placement",IF(COUNTIF(#REF!,"SP")>=1,"Self-Placement",IF(#REF!>=69.5%,"Completed","Dropped")))) -> #REF! | U56: =#REF! -> #REF! | AG56: =SUM(AH56:SW56) -> #REF! | AH56: =IF(IF(IF(COUNTA(#REF!)=0, 0,IF(COUNTIF(#REF!,"Ab")=4,0,1))=0,0,IF(COUNTIF(#REF!,"EP")=4,0,1))=0,0,IF(COUNTIF(#REF!,"SP")=4,0,1)) -> #REF! | AL56: =IF(IF(IF(COUNTA(#REF!)=0, 0,IF(COUNTIF(#REF!,"Ab")=4,0,1))=0,0,IF(COUNTIF(#REF!,"EP")=4,0,1))=0,0,IF(COUNTIF(#REF!,"SP")=4,0,1)) -> #REF! | AP56: =IF(IF(IF(COUNTA(#REF!)=0, 0,IF(COUNTIF(#REF!,"Ab")=4,0,1))=0,0,IF(COUNTIF(#REF!,"EP")=4,0,1))=0,0,IF(COUNTIF(#REF!,"SP")=4,0,1)) -> #REF! | AT56: =IF(IF(IF(COUNTA(#REF!)=0, 0,IF(COUNTIF(#REF!,"Ab")=4,0,1))=0,0,IF(COUNTIF(#REF!,"EP")=4,0,1))=0,0,IF(COUNTIF(#REF!,"SP")=4,0,1)) -> #REF! | AX56: =IF(IF(IF(COUNTA(#REF!)=0, 0,IF(COUNTIF(#REF!,"Ab")=4,0,1))=0,0,IF(COUNTIF(#REF!,"EP")=4,0,1))=0,0,IF(COUNTIF(#REF!,"SP")=4,0,1)) -> #REF! | BB56: =IF(IF(IF(COUNTA(#REF!)=0, 0,IF(COUNTIF(#REF!,"Ab")=4,0,1))=0,0,IF(COUNTIF(#REF!,"EP")=4,0,1))=0,0,IF(COUNTIF(#REF!,"SP")=4,0,1)) -> #REF! | BF56: =IF(IF(IF(COUNTA(#REF!)=0, 0,IF(COUNTIF(#REF!,"Ab")=4,0,1))=0,0,IF(COUNTIF(#REF!,"EP")=4,0,1))=0,0,IF(COUNTIF(#REF!,"SP")=4,0,1)) -> #REF! | BJ56: =IF(IF(IF(COUNTA(#REF!)=0, 0,IF(COUNTIF(#REF!,"Ab")=4,0,1))=0,0,IF(COUNTIF(#REF!,"EP")=4,0,1))=0,0,IF(COUNTIF(#REF!,"SP")=4,0,1)) -> #REF! | BN56: =IF(IF(IF(COUNTA(#REF!)=0, 0,IF(COUNTIF(#REF!,"Ab")=4,0,1))=0,0,IF(COUNTIF(#REF!,"EP")=4,0,1))=0,0,IF(COUNTIF(#REF!,"SP")=4,0,1)) -> #REF! | BR56: =IF(IF(IF(COUNTA(#REF!)=0, 0,IF(COUNTIF(#REF!,"Ab")=4,0,1))=0,0,IF(COUNTIF(#REF!,"EP")=4,0,1))=0,0,IF(COUNTIF(#REF!,"SP")=4,0,1)) -> #REF! | BW56: =IF(IF(IF(COUNTA(#REF!)=0, 0,IF(COUNTIF(#REF!,"Ab")=4,0,1))=0,0,IF(COUNTIF(#REF!,"EP")=4,0,1))=0,0,IF(COUNTIF(#REF!,"SP")=4,0,1)) -> #REF! | CA56: =IF(IF(IF(COUNTA(#REF!)=0, 0,IF(COUNTIF(#REF!,"Ab")=4,0,1))=0,0,IF(COUNTIF(#REF!,"EP")=4,0,1))=0,0,IF(COUNTIF(#REF!,"SP")=4,0,1)) -> #REF! | CE56: =IF(IF(IF(COUNTA(#REF!)=0, 0,IF(COUNTIF(#REF!,"Ab")=4,0,1))=0,0,IF(COUNTIF(#REF!,"EP")=4,0,1))=0,0,IF(COUNTIF(#REF!,"SP")=4,0,1)) -> #REF! | CI56: =IF(IF(IF(COUNTA(#REF!)=0, 0,IF(COUNTIF(#REF!,"Ab")=4,0,1))=0,0,IF(COUNTIF(#REF!,"EP")=4,0,1))=0,0,IF(COUNTIF(#REF!,"SP")=4,0,1)) -> #REF! | CM56: =IF(IF(IF(COUNTA(#REF!)=0, 0,IF(COUNTIF(#REF!,"Ab")=4,0,1))=0,0,IF(COUNTIF(#REF!,"EP")=4,0,1))=0,0,IF(COUNTIF(#REF!,"SP")=4,0,1)) -> #REF! | CQ56: =IF(IF(IF(COUNTA(#REF!)=0, 0,IF(COUNTIF(#REF!,"Ab")=4,0,1))=0,0,IF(COUNTIF(#REF!,"EP")=4,0,1))=0,0,IF(COUNTIF(#REF!,"SP")=4,0,1)) -> #REF! | CU56: =IF(IF(IF(COUNTA(#REF!)=0, 0,IF(COUNTIF(#REF!,"Ab")=4,0,1))=0,0,IF(COUNTIF(#REF!,"EP")=4,0,1))=0,0,IF(COUNTIF(#REF!,"SP")=4,0,1)) -> #REF! | CY56: =IF(IF(IF(COUNTA(#REF!)=0, 0,IF(COUNTIF(#REF!,"Ab")=4,0,1))=0,0,IF(COUNTIF(#REF!,"EP")=4,0,1))=0,0,IF(COUNTIF(#REF!,"SP")=4,0,1)) -> #REF! | DC56: =IF(IF(IF(COUNTA(#REF!)=0, 0,IF(COUNTIF(#REF!,"Ab")=4,0,1))=0,0,IF(COUNTIF(#REF!,"EP")=4,0,1))=0,0,IF(COUNTIF(#REF!,"SP")=4,0,1)) -> #REF! | DG56: =IF(IF(IF(COUNTA(#REF!)=0, 0,IF(COUNTIF(#REF!,"Ab")=4,0,1))=0,0,IF(COUNTIF(#REF!,"EP")=4,0,1))=0,0,IF(COUNTIF(#REF!,"SP")=4,0,1)) -> #REF! | DK56: =IF(IF(IF(COUNTA(#REF!)=0, 0,IF(COUNTIF(#REF!,"Ab")=4,0,1))=0,0,IF(COUNTIF(#REF!,"EP")=4,0,1))=0,0,IF(COUNTIF(#REF!,"SP")=4,0,1)) -> #REF! | DO56: =IF(IF(IF(COUNTA(#REF!)=0, 0,IF(COUNTIF(#REF!,"Ab")=4,0,1))=0,0,IF(COUNTIF(#REF!,"EP")=4,0,1))=0,0,IF(COUNTIF(#REF!,"SP")=4,0,1)) -> #REF! | DS56: =IF(IF(IF(COUNTA(#REF!)=0, 0,IF(COUNTIF(#REF!,"Ab")=4,0,1))=0,0,IF(COUNTIF(#REF!,"EP")=4,0,1))=0,0,IF(COUNTIF(#REF!,"SP")=4,0,1)) -> #REF! | DW56: =IF(IF(IF(COUNTA(#REF!)=0, 0,IF(COUNTIF(#REF!,"Ab")=4,0,1))=0,0,IF(COUNTIF(#REF!,"EP")=4,0,1))=0,0,IF(COUNTIF(#REF!,"SP")=4,0,1)) -> #REF! | EA56: =IF(IF(IF(COUNTA(#REF!)=0, 0,IF(COUNTIF(#REF!,"Ab")=4,0,1))=0,0,IF(COUNTIF(#REF!,"EP")=4,0,1))=0,0,IF(COUNTIF(#REF!,"SP")=4,0,1)) -> #REF! | EE56: =IF(IF(IF(COUNTA(#REF!)=0, 0,IF(COUNTIF(#REF!,"Ab")=4,0,1))=0,0,IF(COUNTIF(#REF!,"EP")=4,0,1))=0,0,IF(COUNTIF(#REF!,"SP")=4,0,1)) -> #REF! | EI56: =IF(IF(IF(COUNTA(#REF!)=0, 0,IF(COUNTIF(#REF!,"Ab")=4,0,1))=0,0,IF(COUNTIF(#REF!,"EP")=4,0,1))=0,0,IF(COUNTIF(#REF!,"SP")=4,0,1)) -> #REF! | EM56: =IF(IF(IF(COUNTA(#REF!)=0, 0,IF(COUNTIF(#REF!,"Ab")=4,0,1))=0,0,IF(COUNTIF(#REF!,"EP")=4,0,1))=0,0,IF(COUNTIF(#REF!,"SP")=4,0,1)) -> #REF! | EQ56: =IF(IF(IF(COUNTA(#REF!)=0, 0,IF(COUNTIF(#REF!,"Ab")=4,0,1))=0,0,IF(COUNTIF(#REF!,"EP")=4,0,1))=0,0,IF(COUNTIF(#REF!,"SP")=4,0,1)) -> #REF! | EU56: =IF(IF(IF(COUNTA(#REF!)=0, 0,IF(COUNTIF(#REF!,"Ab")=4,0,1))=0,0,IF(COUNTIF(#REF!,"EP")=4,0,1))=0,0,IF(COUNTIF(#REF!,"SP")=4,0,1)) -> #REF! | EZ56: =IF(IF(IF(COUNTA(#REF!)=0, 0,IF(COUNTIF(#REF!,"Ab")=4,0,1))=0,0,IF(COUNTIF(#REF!,"EP")=4,0,1))=0,0,IF(COUNTIF(#REF!,"SP")=4,0,1)) -> #REF! | FD56: =IF(IF(IF(COUNTA(#REF!)=0, 0,IF(COUNTIF(#REF!,"Ab")=4,0,1))=0,0,IF(COUNTIF(#REF!,"EP")=4,0,1))=0,0,IF(COUNTIF(#REF!,"SP")=4,0,1)) -> #REF! | FH56: =IF(IF(IF(COUNTA(#REF!)=0, 0,IF(COUNTIF(#REF!,"Ab")=4,0,1))=0,0,IF(COUNTIF(#REF!,"EP")=4,0,1))=0,0,IF(COUNTIF(#REF!,"SP")=4,0,1)) -> #REF! | FL56: =IF(IF(IF(COUNTA(#REF!)=0, 0,IF(COUNTIF(#REF!,"Ab")=4,0,1))=0,0,IF(COUNTIF(#REF!,"EP")=4,0,1))=0,0,IF(COUNTIF(#REF!,"SP")=4,0,1)) -> #REF! | FP56: =IF(IF(IF(COUNTA(#REF!)=0, 0,IF(COUNTIF(#REF!,"Ab")=4,0,1))=0,0,IF(COUNTIF(#REF!,"EP")=4,0,1))=0,0,IF(COUNTIF(#REF!,"SP")=4,0,1)) -> #REF! | FT56: =IF(IF(IF(COUNTA(#REF!)=0, 0,IF(COUNTIF(#REF!,"Ab")=4,0,1))=0,0,IF(COUNTIF(#REF!,"EP")=4,0,1))=0,0,IF(COUNTIF(#REF!,"SP")=4,0,1)) -> #REF! | FX56: =IF(IF(IF(COUNTA(#REF!)=0, 0,IF(COUNTIF(#REF!,"Ab")=4,0,1))=0,0,IF(COUNTIF(#REF!,"EP")=4,0,1))=0,0,IF(COUNTIF(#REF!,"SP")=4,0,1)) -> #REF! | GB56: =IF(IF(IF(COUNTA(#REF!)=0, 0,IF(COUNTIF(#REF!,"Ab")=4,0,1))=0,0,IF(COUNTIF(#REF!,"EP")=4,0,1))=0,0,IF(COUNTIF(#REF!,"SP")=4,0,1)) -> #REF! | GF56: =IF(IF(IF(COUNTA(#REF!)=0, 0,IF(COUNTIF(#REF!,"Ab")=4,0,1))=0,0,IF(COUNTIF(#REF!,"EP")=4,0,1))=0,0,IF(COUNTIF(#REF!,"SP")=4,0,1)) -> #REF! | GJ56: =IF(IF(IF(COUNTA(#REF!)=0, 0,IF(COUNTIF(#REF!,"Ab")=4,0,1))=0,0,IF(COUNTIF(#REF!,"EP")=4,0,1))=0,0,IF(COUNTIF(#REF!,"SP")=4,0,1)) -> #REF! | GN56: =IF(IF(IF(COUNTA(#REF!)=0, 0,IF(COUNTIF(#REF!,"Ab")=4,0,1))=0,0,IF(COUNTIF(#REF!,"EP")=4,0,1))=0,0,IF(COUNTIF(#REF!,"SP")=4,0,1)) -> #REF! | GR56: =IF(IF(IF(COUNTA(#REF!)=0, 0,IF(COUNTIF(#REF!,"Ab")=4,0,1))=0,0,IF(COUNTIF(#REF!,"EP")=4,0,1))=0,0,IF(COUNTIF(#REF!,"SP")=4,0,1)) -> #REF! | GV56: =IF(IF(IF(COUNTA(#REF!)=0, 0,IF(COUNTIF(#REF!,"Ab")=4,0,1))=0,0,IF(COUNTIF(#REF!,"EP")=4,0,1))=0,0,IF(COUNTIF(#REF!,"SP")=4,0,1)) -> #REF! | GZ56: =IF(IF(IF(COUNTA(#REF!)=0, 0,IF(COUNTIF(#REF!,"Ab")=4,0,1))=0,0,IF(COUNTIF(#REF!,"EP")=4,0,1))=0,0,IF(COUNTIF(#REF!,"SP")=4,0,1)) -> #REF! | HD56: =IF(IF(IF(COUNTA(#REF!)=0, 0,IF(COUNTIF(#REF!,"Ab")=4,0,1))=0,0,IF(COUNTIF(#REF!,"EP")=4,0,1))=0,0,IF(COUNTIF(#REF!,"SP")=4,0,1)) -> #REF! | HH56: =IF(IF(IF(COUNTA(#REF!)=0, 0,IF(COUNTIF(#REF!,"Ab")=4,0,1))=0,0,IF(COUNTIF(#REF!,"EP")=4,0,1))=0,0,IF(COUNTIF(#REF!,"SP")=4,0,1)) -> #REF! | HL56: =IF(IF(IF(COUNTA(#REF!)=0, 0,IF(COUNTIF(#REF!,"Ab")=4,0,1))=0,0,IF(COUNTIF(#REF!,"EP")=4,0,1))=0,0,IF(COUNTIF(#REF!,"SP")=4,0,1)) -> #REF! | HP56: =IF(IF(IF(COUNTA(#REF!)=0, 0,IF(COUNTIF(#REF!,"Ab")=4,0,1))=0,0,IF(COUNTIF(#REF!,"EP")=4,0,1))=0,0,IF(COUNTIF(#REF!,"SP")=4,0,1)) -> #REF! | HT56: =IF(IF(IF(COUNTA(#REF!)=0, 0,IF(COUNTIF(#REF!,"Ab")=4,0,1))=0,0,IF(COUNTIF(#REF!,"EP")=4,0,1))=0,0,IF(COUNTIF(#REF!,"SP")=4,0,1)) -> #REF! | HX56: =IF(IF(IF(COUNTA(#REF!)=0, 0,IF(COUNTIF(#REF!,"Ab")=4,0,1))=0,0,IF(COUNTIF(#REF!,"EP")=4,0,1))=0,0,IF(COUNTIF(#REF!,"SP")=4,0,1)) -> #REF! | IB56: =IF(IF(IF(COUNTA(#REF!)=0, 0,IF(COUNTIF(#REF!,"Ab")=4,0,1))=0,0,IF(COUNTIF(#REF!,"EP")=4,0,1))=0,0,IF(COUNTIF(#REF!,"SP")=4,0,1)) -> #REF! | IF56: =IF(IF(IF(COUNTA(#REF!)=0, 0,IF(COUNTIF(#REF!,"Ab")=4,0,1))=0,0,IF(COUNTIF(#REF!,"EP")=4,0,1))=0,0,IF(COUNTIF(#REF!,"SP")=4,0,1)) -> #REF! | IJ56: =IF(IF(IF(COUNTA(#REF!)=0, 0,IF(COUNTIF(#REF!,"Ab")=4,0,1))=0,0,IF(COUNTIF(#REF!,"EP")=4,0,1))=0,0,IF(COUNTIF(#REF!,"SP")=4,0,1)) -> #REF! | IN56: =IF(IF(IF(COUNTA(#REF!)=0, 0,IF(COUNTIF(#REF!,"Ab")=4,0,1))=0,0,IF(COUNTIF(#REF!,"EP")=4,0,1))=0,0,IF(COUNTIF(#REF!,"SP")=4,0,1)) -> #REF! | IR56: =IF(IF(IF(COUNTA(#REF!)=0, 0,IF(COUNTIF(#REF!,"Ab")=4,0,1))=0,0,IF(COUNTIF(#REF!,"EP")=4,0,1))=0,0,IF(COUNTIF(#REF!,"SP")=4,0,1)) -> #REF! | IV56: =IF(IF(IF(COUNTA(#REF!)=0, 0,IF(COUNTIF(#REF!,"Ab")=4,0,1))=0,0,IF(COUNTIF(#REF!,"EP")=4,0,1))=0,0,IF(COUNTIF(#REF!,"SP")=4,0,1)) -> #REF! | IZ56: =IF(IF(IF(COUNTA(#REF!)=0, 0,IF(COUNTIF(#REF!,"Ab")=4,0,1))=0,0,IF(COUNTIF(#REF!,"EP")=4,0,1))=0,0,IF(COUNTIF(#REF!,"SP")=4,0,1)) -> #REF! | JD56: =IF(IF(IF(COUNTA(#REF!)=0, 0,IF(COUNTIF(#REF!,"Ab")=4,0,1))=0,0,IF(COUNTIF(#REF!,"EP")=4,0,1))=0,0,IF(COUNTIF(#REF!,"SP")=4,0,1)) -> #REF! | JH56: =IF(IF(IF(COUNTA(#REF!)=0, 0,IF(COUNTIF(#REF!,"Ab")=4,0,1))=0,0,IF(COUNTIF(#REF!,"EP")=4,0,1))=0,0,IF(COUNTIF(#REF!,"SP")=4,0,1)) -> #REF! | JL56: =IF(IF(IF(COUNTA(#REF!)=0, 0,IF(COUNTIF(#REF!,"Ab")=4,0,1))=0,0,IF(COUNTIF(#REF!,"EP")=4,0,1))=0,0,IF(COUNTIF(#REF!,"SP")=4,0,1)) -> #REF! | JP56: =IF(IF(IF(COUNTA(#REF!)=0, 0,IF(COUNTIF(#REF!,"Ab")=4,0,1))=0,0,IF(COUNTIF(#REF!,"EP")=4,0,1))=0,0,IF(COUNTIF(#REF!,"SP")=4,0,1)) -> #REF! | JT56: =IF(IF(IF(COUNTA(#REF!)=0, 0,IF(COUNTIF(#REF!,"Ab")=4,0,1))=0,0,IF(COUNTIF(#REF!,"EP")=4,0,1))=0,0,IF(COUNTIF(#REF!,"SP")=4,0,1)) -> #REF! | JX56: =IF(IF(IF(COUNTA(#REF!)=0, 0,IF(COUNTIF(#REF!,"Ab")=4,0,1))=0,0,IF(COUNTIF(#REF!,"EP")=4,0,1))=0,0,IF(COUNTIF(#REF!,"SP")=4,0,1)) -> #REF! | KB56: =IF(IF(IF(COUNTA(#REF!)=0, 0,IF(COUNTIF(#REF!,"Ab")=4,0,1))=0,0,IF(COUNTIF(#REF!,"EP")=4,0,1))=0,0,IF(COUNTIF(#REF!,"SP")=4,0,1)) -> #REF! | KF56: =IF(IF(IF(COUNTA(#REF!)=0, 0,IF(COUNTIF(#REF!,"Ab")=4,0,1))=0,0,IF(COUNTIF(#REF!,"EP")=4,0,1))=0,0,IF(COUNTIF(#REF!,"SP")=4,0,1)) -> #REF! | KJ56: =IF(IF(IF(COUNTA(#REF!)=0, 0,IF(COUNTIF(#REF!,"Ab")=4,0,1))=0,0,IF(COUNTIF(#REF!,"EP")=4,0,1))=0,0,IF(COUNTIF(#REF!,"SP")=4,0,1)) -> #REF! | KN56: =IF(IF(IF(COUNTA(#REF!)=0, 0,IF(COUNTIF(#REF!,"Ab")=4,0,1))=0,0,IF(COUNTIF(#REF!,"EP")=4,0,1))=0,0,IF(COUNTIF(#REF!,"SP")=4,0,1)) -> #REF! | KR56: =IF(IF(IF(COUNTA(#REF!)=0, 0,IF(COUNTIF(#REF!,"Ab")=4,0,1))=0,0,IF(COUNTIF(#REF!,"EP")=4,0,1))=0,0,IF(COUNTIF(#REF!,"SP")=4,0,1)) -> #REF! | KV56: =IF(IF(IF(COUNTA(#REF!)=0, 0,IF(COUNTIF(#REF!,"Ab")=4,0,1))=0,0,IF(COUNTIF(#REF!,"EP")=4,0,1))=0,0,IF(COUNTIF(#REF!,"SP")=4,0,1)) -> #REF! | KZ56: =IF(IF(IF(COUNTA(#REF!)=0, 0,IF(COUNTIF(#REF!,"Ab")=4,0,1))=0,0,IF(COUNTIF(#REF!,"EP")=4,0,1))=0,0,IF(COUNTIF(#REF!,"SP")=4,0,1)) -> #REF! | LD56: =IF(IF(IF(COUNTA(#REF!)=0, 0,IF(COUNTIF(#REF!,"Ab")=4,0,1))=0,0,IF(COUNTIF(#REF!,"EP")=4,0,1))=0,0,IF(COUNTIF(#REF!,"SP")=4,0,1)) -> #REF! | LH56: =IF(IF(IF(COUNTA(#REF!)=0, 0,IF(COUNTIF(#REF!,"Ab")=4,0,1))=0,0,IF(COUNTIF(#REF!,"EP")=4,0,1))=0,0,IF(COUNTIF(#REF!,"SP")=4,0,1)) -> #REF! | LL56: =IF(IF(IF(COUNTA(#REF!)=0, 0,IF(COUNTIF(#REF!,"Ab")=4,0,1))=0,0,IF(COUNTIF(#REF!,"EP")=4,0,1))=0,0,IF(COUNTIF(#REF!,"SP")=4,0,1)) -> #REF! | LP56: =IF(IF(IF(COUNTA(#REF!)=0, 0,IF(COUNTIF(#REF!,"Ab")=4,0,1))=0,0,IF(COUNTIF(#REF!,"EP")=4,0,1))=0,0,IF(COUNTIF(#REF!,"SP")=4,0,1)) -> #REF! | LT56: =IF(IF(IF(COUNTA(#REF!)=0, 0,IF(COUNTIF(#REF!,"Ab")=4,0,1))=0,0,IF(COUNTIF(#REF!,"EP")=4,0,1))=0,0,IF(COUNTIF(#REF!,"SP")=4,0,1)) -> #REF! | LX56: =IF(IF(IF(COUNTA(#REF!)=0, 0,IF(COUNTIF(#REF!,"Ab")=4,0,1))=0,0,IF(COUNTIF(#REF!,"EP")=4,0,1))=0,0,IF(COUNTIF(#REF!,"SP")=4,0,1)) -> #REF! | MB56: =IF(IF(IF(COUNTA(#REF!)=0, 0,IF(COUNTIF(#REF!,"Ab")=4,0,1))=0,0,IF(COUNTIF(#REF!,"EP")=4,0,1))=0,0,IF(COUNTIF(#REF!,"SP")=4,0,1)) -> #REF! | MF56: =IF(IF(IF(COUNTA(#REF!)=0, 0,IF(COUNTIF(#REF!,"Ab")=4,0,1))=0,0,IF(COUNTIF(#REF!,"EP")=4,0,1))=0,0,IF(COUNTIF(#REF!,"SP")=4,0,1)) -> #REF! | MJ56: =IF(IF(IF(COUNTA(#REF!)=0, 0,IF(COUNTIF(#REF!,"Ab")=4,0,1))=0,0,IF(COUNTIF(#REF!,"EP")=4,0,1))=0,0,IF(COUNTIF(#REF!,"SP")=4,0,1)) -> #REF! | MN56: =IF(IF(IF(COUNTA(#REF!)=0, 0,IF(COUNTIF(#REF!,"Ab")=4,0,1))=0,0,IF(COUNTIF(#REF!,"EP")=4,0,1))=0,0,IF(COUNTIF(#REF!,"SP")=4,0,1)) -> #REF! | MR56: =IF(IF(IF(COUNTA(#REF!)=0, 0,IF(COUNTIF(#REF!,"Ab")=4,0,1))=0,0,IF(COUNTIF(#REF!,"EP")=4,0,1))=0,0,IF(COUNTIF(#REF!,"SP")=4,0,1)) -> #REF! | MV56: =IF(IF(IF(COUNTA(#REF!)=0, 0,IF(COUNTIF(#REF!,"Ab")=4,0,1))=0,0,IF(COUNTIF(#REF!,"EP")=4,0,1))=0,0,IF(COUNTIF(#REF!,"SP")=4,0,1)) -> #REF! | MZ56: =IF(IF(IF(COUNTA(#REF!)=0, 0,IF(COUNTIF(#REF!,"Ab")=4,0,1))=0,0,IF(COUNTIF(#REF!,"EP")=4,0,1))=0,0,IF(COUNTIF(#REF!,"SP")=4,0,1)) -> #REF! | ND56: =IF(IF(IF(COUNTA(#REF!)=0, 0,IF(COUNTIF(#REF!,"Ab")=4,0,1))=0,0,IF(COUNTIF(#REF!,"EP")=4,0,1))=0,0,IF(COUNTIF(#REF!,"SP")=4,0,1)) -> #REF! | NH56: =IF(IF(IF(COUNTA(#REF!)=0, 0,IF(COUNTIF(#REF!,"Ab")=4,0,1))=0,0,IF(COUNTIF(#REF!,"EP")=4,0,1))=0,0,IF(COUNTIF(#REF!,"SP")=4,0,1)) -> #REF! | NL56: =IF(IF(IF(COUNTA(#REF!)=0, 0,IF(COUNTIF(#REF!,"Ab")=4,0,1))=0,0,IF(COUNTIF(#REF!,"EP")=4,0,1))=0,0,IF(COUNTIF(#REF!,"SP")=4,0,1)) -> #REF! | NP56: =IF(IF(IF(COUNTA(#REF!)=0, 0,IF(COUNTIF(#REF!,"Ab")=4,0,1))=0,0,IF(COUNTIF(#REF!,"EP")=4,0,1))=0,0,IF(COUNTIF(#REF!,"SP")=4,0,1)) -> #REF! | NT56: =IF(IF(IF(COUNTA(#REF!)=0, 0,IF(COUNTIF(#REF!,"Ab")=4,0,1))=0,0,IF(COUNTIF(#REF!,"EP")=4,0,1))=0,0,IF(COUNTIF(#REF!,"SP")=4,0,1)) -> #REF! | NX56: =IF(IF(IF(COUNTA(#REF!)=0, 0,IF(COUNTIF(#REF!,"Ab")=4,0,1))=0,0,IF(COUNTIF(#REF!,"EP")=4,0,1))=0,0,IF(COUNTIF(#REF!,"SP")=4,0,1)) -> #REF! | OB56: =IF(IF(IF(COUNTA(#REF!)=0, 0,IF(COUNTIF(#REF!,"Ab")=4,0,1))=0,0,IF(COUNTIF(#REF!,"EP")=4,0,1))=0,0,IF(COUNTIF(#REF!,"SP")=4,0,1)) -> #REF! | OF56: =IF(IF(IF(COUNTA(#REF!)=0, 0,IF(COUNTIF(#REF!,"Ab")=4,0,1))=0,0,IF(COUNTIF(#REF!,"EP")=4,0,1))=0,0,IF(COUNTIF(#REF!,"SP")=4,0,1)) -> #REF! | OJ56: =IF(IF(IF(COUNTA(#REF!)=0, 0,IF(COUNTIF(#REF!,"Ab")=4,0,1))=0,0,IF(COUNTIF(#REF!,"EP")=4,0,1))=0,0,IF(COUNTIF(#REF!,"SP")=4,0,1)) -> #REF! | ON56: =IF(IF(IF(COUNTA(#REF!)=0, 0,IF(COUNTIF(#REF!,"Ab")=4,0,1))=0,0,IF(COUNTIF(#REF!,"EP")=4,0,1))=0,0,IF(COUNTIF(#REF!,"SP")=4,0,1)) -> #REF! | OR56: =IF(IF(IF(COUNTA(#REF!)=0, 0,IF(COUNTIF(#REF!,"Ab")=4,0,1))=0,0,IF(COUNTIF(#REF!,"EP")=4,0,1))=0,0,IF(COUNTIF(#REF!,"SP")=4,0,1)) -> #REF! | OV56: =IF(IF(IF(COUNTA(#REF!)=0, 0,IF(COUNTIF(#REF!,"Ab")=4,0,1))=0,0,IF(COUNTIF(#REF!,"EP")=4,0,1))=0,0,IF(COUNTIF(#REF!,"SP")=4,0,1)) -> #REF! | OZ56: =IF(IF(IF(COUNTA(#REF!)=0, 0,IF(COUNTIF(#REF!,"Ab")=4,0,1))=0,0,IF(COUNTIF(#REF!,"EP")=4,0,1))=0,0,IF(COUNTIF(#REF!,"SP")=4,0,1)) -> #REF! | PD56: =IF(IF(IF(COUNTA(#REF!)=0, 0,IF(COUNTIF(#REF!,"Ab")=4,0,1))=0,0,IF(COUNTIF(#REF!,"EP")=4,0,1))=0,0,IF(COUNTIF(#REF!,"SP")=4,0,1)) -> #REF!
A57: =A9 -> 2 | B57: =B9 -> 354114 | D57: =D9 -> Roshini M | E57: 137 | F57: =AE9 -> 41 | H57: =IF(U57="","", IF(U57<60%,"Dropout",IF(U57>=69.5%, "Regular","Irregular"))) -> Regular | I57: =AC9 -> 172 | J57: =AD9 -> 147 | T57: =IF($B57="","", IF(COUNTIF(AH9:AJW9,"EP")>=1,"Early-Placement",IF(COUNTIF(AH9:AJW9,"SP")>=1,"Self-Placement",IF(AF9>=69.5%,"Completed","Dropped")))) -> Completed | U57: =AF9 -> 1.3553719 | AG57: =SUM(AH57:SW57) -> 41 | AH57: =IF(IF(IF(COUNTA(AH9:AK9)=0, 0,IF(COUNTIF(AH9:AK9,"Ab")=4,0,1))=0,0,IF(COUNTIF(AH9:AK9,"EP")=4,0,1))=0,0,IF(COUNTIF(AH9:AK9,"SP")=4,0,1)) -> 1 | AL57: =IF(IF(IF(COUNTA(AL9:AO9)=0, 0,IF(COUNTIF(AL9:AO9,"Ab")=4,0,1))=0,0,IF(COUNTIF(AL9:AO9,"EP")=4,0,1))=0,0,IF(COUNTIF(AL9:AO9,"SP")=4,0,1)) -> 1 | AP57: =IF(IF(IF(COUNTA(AP9:AS9)=0, 0,IF(COUNTIF(AP9:AS9,"Ab")=4,0,1))=0,0,IF(COUNTIF(AP9:AS9,"EP")=4,0,1))=0,0,IF(COUNTIF(AP9:AS9,"SP")=4,0,1)) -> 1 | AT57: =IF(IF(IF(COUNTA(AT9:AW9)=0, 0,IF(COUNTIF(AT9:AW9,"Ab")=4,0,1))=0,0,IF(COUNTIF(AT9:AW9,"EP")=4,0,1))=0,0,IF(COUNTIF(AT9:AW9,"SP")=4,0,1)) -> 0 | AX57: =IF(IF(IF(COUNTA(AX9:BA9)=0, 0,IF(COUNTIF(AX9:BA9,"Ab")=4,0,1))=0,0,IF(COUNTIF(AX9:BA9,"EP")=4,0,1))=0,0,IF(COUNTIF(AX9:BA9,"SP")=4,0,1)) -> 1 | BB57: =IF(IF(IF(COUNTA(BB9:BE9)=0, 0,IF(COUNTIF(BB9:BE9,"Ab")=4,0,1))=0,0,IF(COUNTIF(BB9:BE9,"EP")=4,0,1))=0,0,IF(COUNTIF(BB9:BE9,"SP")=4,0,1)) -> 1 | BF57: =IF(IF(IF(COUNTA(BF9:BI9)=0, 0,IF(COUNTIF(BF9:BI9,"Ab")=4,0,1))=0,0,IF(COUNTIF(BF9:BI9,"EP")=4,0,1))=0,0,IF(COUNTIF(BF9:BI9,"SP")=4,0,1)) -> 1 | BJ57: =IF(IF(IF(COUNTA(BJ9:BM9)=0, 0,IF(COUNTIF(BJ9:BM9,"Ab")=4,0,1))=0,0,IF(COUNTIF(BJ9:BM9,"EP")=4,0,1))=0,0,IF(COUNTIF(BJ9:BM9,"SP")=4,0,1)) -> 0 | BN57: =IF(IF(IF(COUNTA(BN9:BQ9)=0, 0,IF(COUNTIF(BN9:BQ9,"Ab")=4,0,1))=0,0,IF(COUNTIF(BN9:BQ9,"EP")=4,0,1))=0,0,IF(COUNTIF(BN9:BQ9,"SP")=4,0,1)) -> 1 | BR57: =IF(IF(IF(COUNTA(BR9:BU9)=0, 0,IF(COUNTIF(BR9:BU9,"Ab")=4,0,1))=0,0,IF(COUNTIF(BR9:BU9,"EP")=4,0,1))=0,0,IF(COUNTIF(BR9:BU9,"SP")=4,0,1)) -> 1 | BW57: =IF(IF(IF(COUNTA(BW9:BZ9)=0, 0,IF(COUNTIF(BW9:BZ9,"Ab")=4,0,1))=0,0,IF(COUNTIF(BW9:BZ9,"EP")=4,0,1))=0,0,IF(COUNTIF(BW9:BZ9,"SP")=4,0,1)) -> 1 | CA57: =IF(IF(IF(COUNTA(CA9:CD9)=0, 0,IF(COUNTIF(CA9:CD9,"Ab")=4,0,1))=0,0,IF(COUNTIF(CA9:CD9,"EP")=4,0,1))=0,0,IF(COUNTIF(CA9:CD9,"SP")=4,0,1)) -> 1 | CE57: =IF(IF(IF(COUNTA(CE9:CH9)=0, 0,IF(COUNTIF(CE9:CH9,"Ab")=4,0,1))=0,0,IF(COUNTIF(CE9:CH9,"EP")=4,0,1))=0,0,IF(COUNTIF(CE9:CH9,"SP")=4,0,1)) -> 1 | CI57: =IF(IF(IF(COUNTA(CI9:CL9)=0, 0,IF(COUNTIF(CI9:CL9,"Ab")=4,0,1))=0,0,IF(COUNTIF(CI9:CL9,"EP")=4,0,1))=0,0,IF(COUNTIF(CI9:CL9,"SP")=4,0,1)) -> 0 | CM57: =IF(IF(IF(COUNTA(CM9:CP9)=0, 0,IF(COUNTIF(CM9:CP9,"Ab")=4,0,1))=0,0,IF(COUNTIF(CM9:CP9,"EP")=4,0,1))=0,0,IF(COUNTIF(CM9:CP9,"SP")=4,0,1)) -> 1 | CQ57: =IF(IF(IF(COUNTA(CQ9:CT9)=0, 0,IF(COUNTIF(CQ9:CT9,"Ab")=4,0,1))=0,0,IF(COUNTIF(CQ9:CT9,"EP")=4,0,1))=0,0,IF(COUNTIF(CQ9:CT9,"SP")=4,0,1)) -> 1 | CU57: =IF(IF(IF(COUNTA(CU9:CX9)=0, 0,IF(COUNTIF(CU9:CX9,"Ab")=4,0,1))=0,0,IF(COUNTIF(CU9:CX9,"EP")=4,0,1))=0,0,IF(COUNTIF(CU9:CX9,"SP")=4,0,1)) -> 1 | CY57: =IF(IF(IF(COUNTA(CY9:DB9)=0, 0,IF(COUNTIF(CY9:DB9,"Ab")=4,0,1))=0,0,IF(COUNTIF(CY9:DB9,"EP")=4,0,1))=0,0,IF(COUNTIF(CY9:DB9,"SP")=4,0,1)) -> 1 | DC57: =IF(IF(IF(COUNTA(DC9:DF9)=0, 0,IF(COUNTIF(DC9:DF9,"Ab")=4,0,1))=0,0,IF(COUNTIF(DC9:DF9,"EP")=4,0,1))=0,0,IF(COUNTIF(DC9:DF9,"SP")=4,0,1)) -> 1 | DG57: =IF(IF(IF(COUNTA(DG9:DJ9)=0, 0,IF(COUNTIF(DG9:DJ9,"Ab")=4,0,1))=0,0,IF(COUNTIF(DG9:DJ9,"EP")=4,0,1))=0,0,IF(COUNTIF(DG9:DJ9,"SP")=4,0,1)) -> 1 | DK57: =IF(IF(IF(COUNTA(DK9:DN9)=0, 0,IF(COUNTIF(DK9:DN9,"Ab")=4,0,1))=0,0,IF(COUNTIF(DK9:DN9,"EP")=4,0,1))=0,0,IF(COUNTIF(DK9:DN9,"SP")=4,0,1)) -> 1 | DO57: =IF(IF(IF(COUNTA(DO9:DR9)=0, 0,IF(COUNTIF(DO9:DR9,"Ab")=4,0,1))=0,0,IF(COUNTIF(DO9:DR9,"EP")=4,0,1))=0,0,IF(COUNTIF(DO9:DR9,"SP")=4,0,1)) -> 1 | DS57: =IF(IF(IF(COUNTA(DS9:DV9)=0, 0,IF(COUNTIF(DS9:DV9,"Ab")=4,0,1))=0,0,IF(COUNTIF(DS9:DV9,"EP")=4,0,1))=0,0,IF(COUNTIF(DS9:DV9,"SP")=4,0,1)) -> 1 | DW57: =IF(IF(IF(COUNTA(DW9:DZ9)=0, 0,IF(COUNTIF(DW9:DZ9,"Ab")=4,0,1))=0,0,IF(COUNTIF(DW9:DZ9,"EP")=4,0,1))=0,0,IF(COUNTIF(DW9:DZ9,"SP")=4,0,1)) -> 1 | EA57: =IF(IF(IF(COUNTA(EA9:ED9)=0, 0,IF(COUNTIF(EA9:ED9,"Ab")=4,0,1))=0,0,IF(COUNTIF(EA9:ED9,"EP")=4,0,1))=0,0,IF(COUNTIF(EA9:ED9,"SP")=4,0,1)) -> 1 | EE57: =IF(IF(IF(COUNTA(EE9:EH9)=0, 0,IF(COUNTIF(EE9:EH9,"Ab")=4,0,1))=0,0,IF(COUNTIF(EE9:EH9,"EP")=4,0,1))=0,0,IF(COUNTIF(EE9:EH9,"SP")=4,0,1)) -> 1 | EI57: =IF(IF(IF(COUNTA(EI9:EL9)=0, 0,IF(COUNTIF(EI9:EL9,"Ab")=4,0,1))=0,0,IF(COUNTIF(EI9:EL9,"EP")=4,0,1))=0,0,IF(COUNTIF(EI9:EL9,"SP")=4,0,1)) -> 1 | EM57: =IF(IF(IF(COUNTA(EM9:EP9)=0, 0,IF(COUNTIF(EM9:EP9,"Ab")=4,0,1))=0,0,IF(COUNTIF(EM9:EP9,"EP")=4,0,1))=0,0,IF(COUNTIF(EM9:EP9,"SP")=4,0,1)) -> 1 | EQ57: =IF(IF(IF(COUNTA(EQ9:ET9)=0, 0,IF(COUNTIF(EQ9:ET9,"Ab")=4,0,1))=0,0,IF(COUNTIF(EQ9:ET9,"EP")=4,0,1))=0,0,IF(COUNTIF(EQ9:ET9,"SP")=4,0,1)) -> 1 | EU57: =IF(IF(IF(COUNTA(EU9:EX9)=0, 0,IF(COUNTIF(EU9:EX9,"Ab")=4,0,1))=0,0,IF(COUNTIF(EU9:EX9,"EP")=4,0,1))=0,0,IF(COUNTIF(EU9:EX9,"SP")=4,0,1)) -> 1 | EZ57: =IF(IF(IF(COUNTA(EZ9:FC9)=0, 0,IF(COUNTIF(EZ9:FC9,"Ab")=4,0,1))=0,0,IF(COUNTIF(EZ9:FC9,"EP")=4,0,1))=0,0,IF(COUNTIF(EZ9:FC9,"SP")=4,0,1)) -> 1 | FD57: =IF(IF(IF(COUNTA(FD9:FG9)=0, 0,IF(COUNTIF(FD9:FG9,"Ab")=4,0,1))=0,0,IF(COUNTIF(FD9:FG9,"EP")=4,0,1))=0,0,IF(COUNTIF(FD9:FG9,"SP")=4,0,1)) -> 1 | FH57: =IF(IF(IF(COUNTA(FH9:FK9)=0, 0,IF(COUNTIF(FH9:FK9,"Ab")=4,0,1))=0,0,IF(COUNTIF(FH9:FK9,"EP")=4,0,1))=0,0,IF(COUNTIF(FH9:FK9,"SP")=4,0,1)) -> 1 | FL57: =IF(IF(IF(COUNTA(FL9:FO9)=0, 0,IF(COUNTIF(FL9:FO9,"Ab")=4,0,1))=0,0,IF(COUNTIF(FL9:FO9,"EP")=4,0,1))=0,0,IF(COUNTIF(FL9:FO9,"SP")=4,0,1)) -> 1 | FP57: =IF(IF(IF(COUNTA(FP9:FS9)=0, 0,IF(COUNTIF(FP9:FS9,"Ab")=4,0,1))=0,0,IF(COUNTIF(FP9:FS9,"EP")=4,0,1))=0,0,IF(COUNTIF(FP9:FS9,"SP")=4,0,1)) -> 0 | FT57: =IF(IF(IF(COUNTA(FT9:FW9)=0, 0,IF(COUNTIF(FT9:FW9,"Ab")=4,0,1))=0,0,IF(COUNTIF(FT9:FW9,"EP")=4,0,1))=0,0,IF(COUNTIF(FT9:FW9,"SP")=4,0,1)) -> 1 | FX57: =IF(IF(IF(COUNTA(FX9:GA9)=0, 0,IF(COUNTIF(FX9:GA9,"Ab")=4,0,1))=0,0,IF(COUNTIF(FX9:GA9,"EP")=4,0,1))=0,0,IF(COUNTIF(FX9:GA9,"SP")=4,0,1)) -> 1 | GB57: =IF(IF(IF(COUNTA(GB9:GE9)=0, 0,IF(COUNTIF(GB9:GE9,"Ab")=4,0,1))=0,0,IF(COUNTIF(GB9:GE9,"EP")=4,0,1))=0,0,IF(COUNTIF(GB9:GE9,"SP")=4,0,1)) -> 1 | GF57: =IF(IF(IF(COUNTA(GF9:GI9)=0, 0,IF(COUNTIF(GF9:GI9,"Ab")=4,0,1))=0,0,IF(COUNTIF(GF9:GI9,"EP")=4,0,1))=0,0,IF(COUNTIF(GF9:GI9,"SP")=4,0,1)) -> 1 | GJ57: =IF(IF(IF(COUNTA(GJ9:GM9)=0, 0,IF(COUNTIF(GJ9:GM9,"Ab")=4,0,1))=0,0,IF(COUNTIF(GJ9:GM9,"EP")=4,0,1))=0,0,IF(COUNTIF(GJ9:GM9,"SP")=4,0,1)) -> 1 | GN57: =IF(IF(IF(COUNTA(GN9:GQ9)=0, 0,IF(COUNTIF(GN9:GQ9,"Ab")=4,0,1))=0,0,IF(COUNTIF(GN9:GQ9,"EP")=4,0,1))=0,0,IF(COUNTIF(GN9:GQ9,"SP")=4,0,1)) -> 1 | GR57: =IF(IF(IF(COUNTA(GR9:GU9)=0, 0,IF(COUNTIF(GR9:GU9,"Ab")=4,0,1))=0,0,IF(COUNTIF(GR9:GU9,"EP")=4,0,1))=0,0,IF(COUNTIF(GR9:GU9,"SP")=4,0,1)) -> 0 | GV57: =IF(IF(IF(COUNTA(GV9:GY9)=0, 0,IF(COUNTIF(GV9:GY9,"Ab")=4,0,1))=0,0,IF(COUNTIF(GV9:GY9,"EP")=4,0,1))=0,0,IF(COUNTIF(GV9:GY9,"SP")=4,0,1)) -> 1 | GZ57: =IF(IF(IF(COUNTA(GZ9:HC9)=0, 0,IF(COUNTIF(GZ9:HC9,"Ab")=4,0,1))=0,0,IF(COUNTIF(GZ9:HC9,"EP")=4,0,1))=0,0,IF(COUNTIF(GZ9:HC9,"SP")=4,0,1)) -> 1 | HD57: =IF(IF(IF(COUNTA(HD9:HG9)=0, 0,IF(COUNTIF(HD9:HG9,"Ab")=4,0,1))=0,0,IF(COUNTIF(HD9:HG9,"EP")=4,0,1))=0,0,IF(COUNTIF(HD9:HG9,"SP")=4,0,1)) -> 1 | HH57: =IF(IF(IF(COUNTA(HH9:HK9)=0, 0,IF(COUNTIF(HH9:HK9,"Ab")=4,0,1))=0,0,IF(COUNTIF(HH9:HK9,"EP")=4,0,1))=0,0,IF(COUNTIF(HH9:HK9,"SP")=4,0,1)) -> 0 | HL57: =IF(IF(IF(COUNTA(HL9:HO9)=0, 0,IF(COUNTIF(HL9:HO9,"Ab")=4,0,1))=0,0,IF(COUNTIF(HL9:HO9,"EP")=4,0,1))=0,0,IF(COUNTIF(HL9:HO9,"SP")=4,0,1)) -> 1 | HP57: =IF(IF(IF(COUNTA(HP9:HS9)=0, 0,IF(COUNTIF(HP9:HS9,"Ab")=4,0,1))=0,0,IF(COUNTIF(HP9:HS9,"EP")=4,0,1))=0,0,IF(COUNTIF(HP9:HS9,"SP")=4,0,1)) -> 0 | HT57: =IF(IF(IF(COUNTA(HT9:HW9)=0, 0,IF(COUNTIF(HT9:HW9,"Ab")=4,0,1))=0,0,IF(COUNTIF(HT9:HW9,"EP")=4,0,1))=0,0,IF(COUNTIF(HT9:HW9,"SP")=4,0,1)) -> 0 | HX57: =IF(IF(IF(COUNTA(HX9:IA9)=0, 0,IF(COUNTIF(HX9:IA9,"Ab")=4,0,1))=0,0,IF(COUNTIF(HX9:IA9,"EP")=4,0,1))=0,0,IF(COUNTIF(HX9:IA9,"SP")=4,0,1)) -> 0 | IB57: =IF(IF(IF(COUNTA(IB9:IE9)=0, 0,IF(COUNTIF(IB9:IE9,"Ab")=4,0,1))=0,0,IF(COUNTIF(IB9:IE9,"EP")=4,0,1))=0,0,IF(COUNTIF(IB9:IE9,"SP")=4,0,1)) -> 0 | IF57: =IF(IF(IF(COUNTA(IF9:II9)=0, 0,IF(COUNTIF(IF9:II9,"Ab")=4,0,1))=0,0,IF(COUNTIF(IF9:II9,"EP")=4,0,1))=0,0,IF(COUNTIF(IF9:II9,"SP")=4,0,1)) -> 0 | IJ57: =IF(IF(IF(COUNTA(IJ9:IM9)=0, 0,IF(COUNTIF(IJ9:IM9,"Ab")=4,0,1))=0,0,IF(COUNTIF(IJ9:IM9,"EP")=4,0,1))=0,0,IF(COUNTIF(IJ9:IM9,"SP")=4,0,1)) -> 0 | IN57: =IF(IF(IF(COUNTA(IN9:IQ9)=0, 0,IF(COUNTIF(IN9:IQ9,"Ab")=4,0,1))=0,0,IF(COUNTIF(IN9:IQ9,"EP")=4,0,1))=0,0,IF(COUNTIF(IN9:IQ9,"SP")=4,0,1)) -> 0 | IR57: =IF(IF(IF(COUNTA(IR9:IU9)=0, 0,IF(COUNTIF(IR9:IU9,"Ab")=4,0,1))=0,0,IF(COUNTIF(IR9:IU9,"EP")=4,0,1))=0,0,IF(COUNTIF(IR9:IU9,"SP")=4,0,1)) -> 0 | IV57: =IF(IF(IF(COUNTA(IV9:IY9)=0, 0,IF(COUNTIF(IV9:IY9,"Ab")=4,0,1))=0,0,IF(COUNTIF(IV9:IY9,"EP")=4,0,1))=0,0,IF(COUNTIF(IV9:IY9,"SP")=4,0,1)) -> 0 | IZ57: =IF(IF(IF(COUNTA(IZ9:JC9)=0, 0,IF(COUNTIF(IZ9:JC9,"Ab")=4,0,1))=0,0,IF(COUNTIF(IZ9:JC9,"EP")=4,0,1))=0,0,IF(COUNTIF(IZ9:JC9,"SP")=4,0,1)) -> 0 | JD57: =IF(IF(IF(COUNTA(JD9:JG9)=0, 0,IF(COUNTIF(JD9:JG9,"Ab")=4,0,1))=0,0,IF(COUNTIF(JD9:JG9,"EP")=4,0,1))=0,0,IF(COUNTIF(JD9:JG9,"SP")=4,0,1)) -> 0 | JH57: =IF(IF(IF(COUNTA(JH9:JK9)=0, 0,IF(COUNTIF(JH9:JK9,"Ab")=4,0,1))=0,0,IF(COUNTIF(JH9:JK9,"EP")=4,0,1))=0,0,IF(COUNTIF(JH9:JK9,"SP")=4,0,1)) -> 0 | JL57: =IF(IF(IF(COUNTA(JL9:JO9)=0, 0,IF(COUNTIF(JL9:JO9,"Ab")=4,0,1))=0,0,IF(COUNTIF(JL9:JO9,"EP")=4,0,1))=0,0,IF(COUNTIF(JL9:JO9,"SP")=4,0,1)) -> 0 | JP57: =IF(IF(IF(COUNTA(JP9:JS9)=0, 0,IF(COUNTIF(JP9:JS9,"Ab")=4,0,1))=0,0,IF(COUNTIF(JP9:JS9,"EP")=4,0,1))=0,0,IF(COUNTIF(JP9:JS9,"SP")=4,0,1)) -> 0 | JT57: =IF(IF(IF(COUNTA(JT9:JW9)=0, 0,IF(COUNTIF(JT9:JW9,"Ab")=4,0,1))=0,0,IF(COUNTIF(JT9:JW9,"EP")=4,0,1))=0,0,IF(COUNTIF(JT9:JW9,"SP")=4,0,1)) -> 0 | JX57: =IF(IF(IF(COUNTA(JX9:KA9)=0, 0,IF(COUNTIF(JX9:KA9,"Ab")=4,0,1))=0,0,IF(COUNTIF(JX9:KA9,"EP")=4,0,1))=0,0,IF(COUNTIF(JX9:KA9,"SP")=4,0,1)) -> 0 | KB57: =IF(IF(IF(COUNTA(KB9:KE9)=0, 0,IF(COUNTIF(KB9:KE9,"Ab")=4,0,1))=0,0,IF(COUNTIF(KB9:KE9,"EP")=4,0,1))=0,0,IF(COUNTIF(KB9:KE9,"SP")=4,0,1)) -> 0 | KF57: =IF(IF(IF(COUNTA(KF9:KI9)=0, 0,IF(COUNTIF(KF9:KI9,"Ab")=4,0,1))=0,0,IF(COUNTIF(KF9:KI9,"EP")=4,0,1))=0,0,IF(COUNTIF(KF9:KI9,"SP")=4,0,1)) -> 0 | KJ57: =IF(IF(IF(COUNTA(KJ9:KM9)=0, 0,IF(COUNTIF(KJ9:KM9,"Ab")=4,0,1))=0,0,IF(COUNTIF(KJ9:KM9,"EP")=4,0,1))=0,0,IF(COUNTIF(KJ9:KM9,"SP")=4,0,1)) -> 0 | KN57: =IF(IF(IF(COUNTA(KN9:KQ9)=0, 0,IF(COUNTIF(KN9:KQ9,"Ab")=4,0,1))=0,0,IF(COUNTIF(KN9:KQ9,"EP")=4,0,1))=0,0,IF(COUNTIF(KN9:KQ9,"SP")=4,0,1)) -> 0 | KR57: =IF(IF(IF(COUNTA(KR9:KU9)=0, 0,IF(COUNTIF(KR9:KU9,"Ab")=4,0,1))=0,0,IF(COUNTIF(KR9:KU9,"EP")=4,0,1))=0,0,IF(COUNTIF(KR9:KU9,"SP")=4,0,1)) -> 0 | KV57: =IF(IF(IF(COUNTA(KV9:KY9)=0, 0,IF(COUNTIF(KV9:KY9,"Ab")=4,0,1))=0,0,IF(COUNTIF(KV9:KY9,"EP")=4,0,1))=0,0,IF(COUNTIF(KV9:KY9,"SP")=4,0,1)) -> 0 | KZ57: =IF(IF(IF(COUNTA(KZ9:LC9)=0, 0,IF(COUNTIF(KZ9:LC9,"Ab")=4,0,1))=0,0,IF(COUNTIF(KZ9:LC9,"EP")=4,0,1))=0,0,IF(COUNTIF(KZ9:LC9,"SP")=4,0,1)) -> 0 | LD57: =IF(IF(IF(COUNTA(LD9:LG9)=0, 0,IF(COUNTIF(LD9:LG9,"Ab")=4,0,1))=0,0,IF(COUNTIF(LD9:LG9,"EP")=4,0,1))=0,0,IF(COUNTIF(LD9:LG9,"SP")=4,0,1)) -> 0 | LH57: =IF(IF(IF(COUNTA(LH9:LK9)=0, 0,IF(COUNTIF(LH9:LK9,"Ab")=4,0,1))=0,0,IF(COUNTIF(LH9:LK9,"EP")=4,0,1))=0,0,IF(COUNTIF(LH9:LK9,"SP")=4,0,1)) -> 0 | LL57: =IF(IF(IF(COUNTA(LL9:LO9)=0, 0,IF(COUNTIF(LL9:LO9,"Ab")=4,0,1))=0,0,IF(COUNTIF(LL9:LO9,"EP")=4,0,1))=0,0,IF(COUNTIF(LL9:LO9,"SP")=4,0,1)) -> 0 | LP57: =IF(IF(IF(COUNTA(LP9:LS9)=0, 0,IF(COUNTIF(LP9:LS9,"Ab")=4,0,1))=0,0,IF(COUNTIF(LP9:LS9,"EP")=4,0,1))=0,0,IF(COUNTIF(LP9:LS9,"SP")=4,0,1)) -> 0 | LT57: =IF(IF(IF(COUNTA(LT9:LW9)=0, 0,IF(COUNTIF(LT9:LW9,"Ab")=4,0,1))=0,0,IF(COUNTIF(LT9:LW9,"EP")=4,0,1))=0,0,IF(COUNTIF(LT9:LW9,"SP")=4,0,1)) -> 0 | LX57: =IF(IF(IF(COUNTA(LX9:MA9)=0, 0,IF(COUNTIF(LX9:MA9,"Ab")=4,0,1))=0,0,IF(COUNTIF(LX9:MA9,"EP")=4,0,1))=0,0,IF(COUNTIF(LX9:MA9,"SP")=4,0,1)) -> 0 | MB57: =IF(IF(IF(COUNTA(MB9:ME9)=0, 0,IF(COUNTIF(MB9:ME9,"Ab")=4,0,1))=0,0,IF(COUNTIF(MB9:ME9,"EP")=4,0,1))=0,0,IF(COUNTIF(MB9:ME9,"SP")=4,0,1)) -> 0 | MF57: =IF(IF(IF(COUNTA(MF9:MI9)=0, 0,IF(COUNTIF(MF9:MI9,"Ab")=4,0,1))=0,0,IF(COUNTIF(MF9:MI9,"EP")=4,0,1))=0,0,IF(COUNTIF(MF9:MI9,"SP")=4,0,1)) -> 0 | MJ57: =IF(IF(IF(COUNTA(MJ9:MM9)=0, 0,IF(COUNTIF(MJ9:MM9,"Ab")=4,0,1))=0,0,IF(COUNTIF(MJ9:MM9,"EP")=4,0,1))=0,0,IF(COUNTIF(MJ9:MM9,"SP")=4,0,1)) -> 0 | MN57: =IF(IF(IF(COUNTA(MN9:MQ9)=0, 0,IF(COUNTIF(MN9:MQ9,"Ab")=4,0,1))=0,0,IF(COUNTIF(MN9:MQ9,"EP")=4,0,1))=0,0,IF(COUNTIF(MN9:MQ9,"SP")=4,0,1)) -> 0 | MR57: =IF(IF(IF(COUNTA(MR9:MU9)=0, 0,IF(COUNTIF(MR9:MU9,"Ab")=4,0,1))=0,0,IF(COUNTIF(MR9:MU9,"EP")=4,0,1))=0,0,IF(COUNTIF(MR9:MU9,"SP")=4,0,1)) -> 0 | MV57: =IF(IF(IF(COUNTA(MV9:MY9)=0, 0,IF(COUNTIF(MV9:MY9,"Ab")=4,0,1))=0,0,IF(COUNTIF(MV9:MY9,"EP")=4,0,1))=0,0,IF(COUNTIF(MV9:MY9,"SP")=4,0,1)) -> 0 | MZ57: =IF(IF(IF(COUNTA(MZ9:NC9)=0, 0,IF(COUNTIF(MZ9:NC9,"Ab")=4,0,1))=0,0,IF(COUNTIF(MZ9:NC9,"EP")=4,0,1))=0,0,IF(COUNTIF(MZ9:NC9,"SP")=4,0,1)) -> 0 | ND57: =IF(IF(IF(COUNTA(ND9:NG9)=0, 0,IF(COUNTIF(ND9:NG9,"Ab")=4,0,1))=0,0,IF(COUNTIF(ND9:NG9,"EP")=4,0,1))=0,0,IF(COUNTIF(ND9:NG9,"SP")=4,0,1)) -> 0 | NH57: =IF(IF(IF(COUNTA(NH9:NK9)=0, 0,IF(COUNTIF(NH9:NK9,"Ab")=4,0,1))=0,0,IF(COUNTIF(NH9:NK9,"EP")=4,0,1))=0,0,IF(COUNTIF(NH9:NK9,"SP")=4,0,1)) -> 0 | NL57: =IF(IF(IF(COUNTA(NL9:NO9)=0, 0,IF(COUNTIF(NL9:NO9,"Ab")=4,0,1))=0,0,IF(COUNTIF(NL9:NO9,"EP")=4,0,1))=0,0,IF(COUNTIF(NL9:NO9,"SP")=4,0,1)) -> 0 | NP57: =IF(IF(IF(COUNTA(NP9:NS9)=0, 0,IF(COUNTIF(NP9:NS9,"Ab")=4,0,1))=0,0,IF(COUNTIF(NP9:NS9,"EP")=4,0,1))=0,0,IF(COUNTIF(NP9:NS9,"SP")=4,0,1)) -> 0 | NT57: =IF(IF(IF(COUNTA(NT9:NW9)=0, 0,IF(COUNTIF(NT9:NW9,"Ab")=4,0,1))=0,0,IF(COUNTIF(NT9:NW9,"EP")=4,0,1))=0,0,IF(COUNTIF(NT9:NW9,"SP")=4,0,1)) -> 0 | NX57: =IF(IF(IF(COUNTA(NX9:OA9)=0, 0,IF(COUNTIF(NX9:OA9,"Ab")=4,0,1))=0,0,IF(COUNTIF(NX9:OA9,"EP")=4,0,1))=0,0,IF(COUNTIF(NX9:OA9,"SP")=4,0,1)) -> 0 | OB57: =IF(IF(IF(COUNTA(OB9:OE9)=0, 0,IF(COUNTIF(OB9:OE9,"Ab")=4,0,1))=0,0,IF(COUNTIF(OB9:OE9,"EP")=4,0,1))=0,0,IF(COUNTIF(OB9:OE9,"SP")=4,0,1)) -> 0 | OF57: =IF(IF(IF(COUNTA(OF9:OI9)=0, 0,IF(COUNTIF(OF9:OI9,"Ab")=4,0,1))=0,0,IF(COUNTIF(OF9:OI9,"EP")=4,0,1))=0,0,IF(COUNTIF(OF9:OI9,"SP")=4,0,1)) -> 0 | OJ57: =IF(IF(IF(COUNTA(OJ9:OM9)=0, 0,IF(COUNTIF(OJ9:OM9,"Ab")=4,0,1))=0,0,IF(COUNTIF(OJ9:OM9,"EP")=4,0,1))=0,0,IF(COUNTIF(OJ9:OM9,"SP")=4,0,1)) -> 0 | ON57: =IF(IF(IF(COUNTA(ON9:OQ9)=0, 0,IF(COUNTIF(ON9:OQ9,"Ab")=4,0,1))=0,0,IF(COUNTIF(ON9:OQ9,"EP")=4,0,1))=0,0,IF(COUNTIF(ON9:OQ9,"SP")=4,0,1)) -> 0 | OR57: =IF(IF(IF(COUNTA(OR9:OU9)=0, 0,IF(COUNTIF(OR9:OU9,"Ab")=4,0,1))=0,0,IF(COUNTIF(OR9:OU9,"EP")=4,0,1))=0,0,IF(COUNTIF(OR9:OU9,"SP")=4,0,1)) -> 0 | OV57: =IF(IF(IF(COUNTA(OV9:OY9)=0, 0,IF(COUNTIF(OV9:OY9,"Ab")=4,0,1))=0,0,IF(COUNTIF(OV9:OY9,"EP")=4,0,1))=0,0,IF(COUNTIF(OV9:OY9,"SP")=4,0,1)) -> 0 | OZ57: =IF(IF(IF(COUNTA(OZ9:PC9)=0, 0,IF(COUNTIF(OZ9:PC9,"Ab")=4,0,1))=0,0,IF(COUNTIF(OZ9:PC9,"EP")=4,0,1))=0,0,IF(COUNTIF(OZ9:PC9,"SP")=4,0,1)) -> 0 | PD57: =IF(IF(IF(COUNTA(PD9:PG9)=0, 0,IF(COUNTIF(PD9:PG9,"Ab")=4,0,1))=0,0,IF(COUNTIF(PD9:PG9,"EP")=4,0,1))=0,0,IF(COUNTIF(PD9:PG9,"SP")=4,0,1)) -> 0
A58: =A10 -> 3 | B58: =B10 -> 354882 | D58: =D10 -> Anowin Deepak J V | E58: 137 | F58: =AE10 -> 43 | H58: =IF(U58="","", IF(U58<60%,"Dropout",IF(U58>=69.5%, "Regular","Irregular"))) -> Regular | I58: =AC10 -> 172 | J58: =AD10 -> 155 | T58: =IF($B58="","", IF(COUNTIF(AH10:AJW10,"EP")>=1,"Early-Placement",IF(COUNTIF(AH10:AJW10,"SP")>=1,"Self-Placement",IF(AF10>=69.5%,"Completed","Dropped")))) -> Completed | U58: =AF10 -> 1.4214876 | AG58: =SUM(AH58:SW58) -> 43 | AH58: =IF(IF(IF(COUNTA(AH10:AK10)=0, 0,IF(COUNTIF(AH10:AK10,"Ab")=4,0,1))=0,0,IF(COUNTIF(AH10:AK10,"EP")=4,0,1))=0,0,IF(COUNTIF(AH10:AK10,"SP")=4,0,1)) -> 1 | AL58: =IF(IF(IF(COUNTA(AL10:AO10)=0, 0,IF(COUNTIF(AL10:AO10,"Ab")=4,0,1))=0,0,IF(COUNTIF(AL10:AO10,"EP")=4,0,1))=0,0,IF(COUNTIF(AL10:AO10,"SP")=4,0,1)) -> 1 | AP58: =IF(IF(IF(COUNTA(AP10:AS10)=0, 0,IF(COUNTIF(AP10:AS10,"Ab")=4,0,1))=0,0,IF(COUNTIF(AP10:AS10,"EP")=4,0,1))=0,0,IF(COUNTIF(AP10:AS10,"SP")=4,0,1)) -> 1 | AT58: =IF(IF(IF(COUNTA(AT10:AW10)=0, 0,IF(COUNTIF(AT10:AW10,"Ab")=4,0,1))=0,0,IF(COUNTIF(AT10:AW10,"EP")=4,0,1))=0,0,IF(COUNTIF(AT10:AW10,"SP")=4,0,1)) -> 1 | AX58: =IF(IF(IF(COUNTA(AX10:BA10)=0, 0,IF(COUNTIF(AX10:BA10,"Ab")=4,0,1))=0,0,IF(COUNTIF(AX10:BA10,"EP")=4,0,1))=0,0,IF(COUNTIF(AX10:BA10,"SP")=4,0,1)) -> 1 | BB58: =IF(IF(IF(COUNTA(BB10:BE10)=0, 0,IF(COUNTIF(BB10:BE10,"Ab")=4,0,1))=0,0,IF(COUNTIF(BB10:BE10,"EP")=4,0,1))=0,0,IF(COUNTIF(BB10:BE10,"SP")=4,0,1)) -> 1 | BF58: =IF(IF(IF(COUNTA(BF10:BI10)=0, 0,IF(COUNTIF(BF10:BI10,"Ab")=4,0,1))=0,0,IF(COUNTIF(BF10:BI10,"EP")=4,0,1))=0,0,IF(COUNTIF(BF10:BI10,"SP")=4,0,1)) -> 1 | BJ58: =IF(IF(IF(COUNTA(BJ10:BM10)=0, 0,IF(COUNTIF(BJ10:BM10,"Ab")=4,0,1))=0,0,IF(COUNTIF(BJ10:BM10,"EP")=4,0,1))=0,0,IF(COUNTIF(BJ10:BM10,"SP")=4,0,1)) -> 1 | BN58: =IF(IF(IF(COUNTA(BN10:BQ10)=0, 0,IF(COUNTIF(BN10:BQ10,"Ab")=4,0,1))=0,0,IF(COUNTIF(BN10:BQ10,"EP")=4,0,1))=0,0,IF(COUNTIF(BN10:BQ10,"SP")=4,0,1)) -> 1 | BR58: =IF(IF(IF(COUNTA(BR10:BU10)=0, 0,IF(COUNTIF(BR10:BU10,"Ab")=4,0,1))=0,0,IF(COUNTIF(BR10:BU10,"EP")=4,0,1))=0,0,IF(COUNTIF(BR10:BU10,"SP")=4,0,1)) -> 1 | BW58: =IF(IF(IF(COUNTA(BW10:BZ10)=0, 0,IF(COUNTIF(BW10:BZ10,"Ab")=4,0,1))=0,0,IF(COUNTIF(BW10:BZ10,"EP")=4,0,1))=0,0,IF(COUNTIF(BW10:BZ10,"SP")=4,0,1)) -> 1 | CA58: =IF(IF(IF(COUNTA(CA10:CD10)=0, 0,IF(COUNTIF(CA10:CD10,"Ab")=4,0,1))=0,0,IF(COUNTIF(CA10:CD10,"EP")=4,0,1))=0,0,IF(COUNTIF(CA10:CD10,"SP")=4,0,1)) -> 0 | CE58: =IF(IF(IF(COUNTA(CE10:CH10)=0, 0,IF(COUNTIF(CE10:CH10,"Ab")=4,0,1))=0,0,IF(COUNTIF(CE10:CH10,"EP")=4,0,1))=0,0,IF(COUNTIF(CE10:CH10,"SP")=4,0,1)) -> 1 | CI58: =IF(IF(IF(COUNTA(CI10:CL10)=0, 0,IF(COUNTIF(CI10:CL10,"Ab")=4,0,1))=0,0,IF(COUNTIF(CI10:CL10,"EP")=4,0,1))=0,0,IF(COUNTIF(CI10:CL10,"SP")=4,0,1)) -> 1 | CM58: =IF(IF(IF(COUNTA(CM10:CP10)=0, 0,IF(COUNTIF(CM10:CP10,"Ab")=4,0,1))=0,0,IF(COUNTIF(CM10:CP10,"EP")=4,0,1))=0,0,IF(COUNTIF(CM10:CP10,"SP")=4,0,1)) -> 1 | CQ58: =IF(IF(IF(COUNTA(CQ10:CT10)=0, 0,IF(COUNTIF(CQ10:CT10,"Ab")=4,0,1))=0,0,IF(COUNTIF(CQ10:CT10,"EP")=4,0,1))=0,0,IF(COUNTIF(CQ10:CT10,"SP")=4,0,1)) -> 1 | CU58: =IF(IF(IF(COUNTA(CU10:CX10)=0, 0,IF(COUNTIF(CU10:CX10,"Ab")=4,0,1))=0,0,IF(COUNTIF(CU10:CX10,"EP")=4,0,1))=0,0,IF(COUNTIF(CU10:CX10,"SP")=4,0,1)) -> 1 | CY58: =IF(IF(IF(COUNTA(CY10:DB10)=0, 0,IF(COUNTIF(CY10:DB10,"Ab")=4,0,1))=0,0,IF(COUNTIF(CY10:DB10,"EP")=4,0,1))=0,0,IF(COUNTIF(CY10:DB10,"SP")=4,0,1)) -> 1 | DC58: =IF(IF(IF(COUNTA(DC10:DF10)=0, 0,IF(COUNTIF(DC10:DF10,"Ab")=4,0,1))=0,0,IF(COUNTIF(DC10:DF10,"EP")=4,0,1))=0,0,IF(COUNTIF(DC10:DF10,"SP")=4,0,1)) -> 1 | DG58: =IF(IF(IF(COUNTA(DG10:DJ10)=0, 0,IF(COUNTIF(DG10:DJ10,"Ab")=4,0,1))=0,0,IF(COUNTIF(DG10:DJ10,"EP")=4,0,1))=0,0,IF(COUNTIF(DG10:DJ10,"SP")=4,0,1)) -> 1 | DK58: =IF(IF(IF(COUNTA(DK10:DN10)=0, 0,IF(COUNTIF(DK10:DN10,"Ab")=4,0,1))=0,0,IF(COUNTIF(DK10:DN10,"EP")=4,0,1))=0,0,IF(COUNTIF(DK10:DN10,"SP")=4,0,1)) -> 0 | DO58: =IF(IF(IF(COUNTA(DO10:DR10)=0, 0,IF(COUNTIF(DO10:DR10,"Ab")=4,0,1))=0,0,IF(COUNTIF(DO10:DR10,"EP")=4,0,1))=0,0,IF(COUNTIF(DO10:DR10,"SP")=4,0,1)) -> 1 | DS58: =IF(IF(IF(COUNTA(DS10:DV10)=0, 0,IF(COUNTIF(DS10:DV10,"Ab")=4,0,1))=0,0,IF(COUNTIF(DS10:DV10,"EP")=4,0,1))=0,0,IF(COUNTIF(DS10:DV10,"SP")=4,0,1)) -> 1 | DW58: =IF(IF(IF(COUNTA(DW10:DZ10)=0, 0,IF(COUNTIF(DW10:DZ10,"Ab")=4,0,1))=0,0,IF(COUNTIF(DW10:DZ10,"EP")=4,0,1))=0,0,IF(COUNTIF(DW10:DZ10,"SP")=4,0,1)) -> 1 | EA58: =IF(IF(IF(COUNTA(EA10:ED10)=0, 0,IF(COUNTIF(EA10:ED10,"Ab")=4,0,1))=0,0,IF(COUNTIF(EA10:ED10,"EP")=4,0,1))=0,0,IF(COUNTIF(EA10:ED10,"SP")=4,0,1)) -> 0 | EE58: =IF(IF(IF(COUNTA(EE10:EH10)=0, 0,IF(COUNTIF(EE10:EH10,"Ab")=4,0,1))=0,0,IF(COUNTIF(EE10:EH10,"EP")=4,0,1))=0,0,IF(COUNTIF(EE10:EH10,"SP")=4,0,1)) -> 1 | EI58: =IF(IF(IF(COUNTA(EI10:EL10)=0, 0,IF(COUNTIF(EI10:EL10,"Ab")=4,0,1))=0,0,IF(COUNTIF(EI10:EL10,"EP")=4,0,1))=0,0,IF(COUNTIF(EI10:EL10,"SP")=4,0,1)) -> 1 | EM58: =IF(IF(IF(COUNTA(EM10:EP10)=0, 0,IF(COUNTIF(EM10:EP10,"Ab")=4,0,1))=0,0,IF(COUNTIF(EM10:EP10,"EP")=4,0,1))=0,0,IF(COUNTIF(EM10:EP10,"SP")=4,0,1)) -> 1 | EQ58: =IF(IF(IF(COUNTA(EQ10:ET10)=0, 0,IF(COUNTIF(EQ10:ET10,"Ab")=4,0,1))=0,0,IF(COUNTIF(EQ10:ET10,"EP")=4,0,1))=0,0,IF(COUNTIF(EQ10:ET10,"SP")=4,0,1)) -> 1 | EU58: =IF(IF(IF(COUNTA(EU10:EX10)=0, 0,IF(COUNTIF(EU10:EX10,"Ab")=4,0,1))=0,0,IF(COUNTIF(EU10:EX10,"EP")=4,0,1))=0,0,IF(COUNTIF(EU10:EX10,"SP")=4,0,1)) -> 1 | EZ58: =IF(IF(IF(COUNTA(EZ10:FC10)=0, 0,IF(COUNTIF(EZ10:FC10,"Ab")=4,0,1))=0,0,IF(COUNTIF(EZ10:FC10,"EP")=4,0,1))=0,0,IF(COUNTIF(EZ10:FC10,"SP")=4,0,1)) -> 1 | FD58: =IF(IF(IF(COUNTA(FD10:FG10)=0, 0,IF(COUNTIF(FD10:FG10,"Ab")=4,0,1))=0,0,IF(COUNTIF(FD10:FG10,"EP")=4,0,1))=0,0,IF(COUNTIF(FD10:FG10,"SP")=4,0,1)) -> 1 | FH58: =IF(IF(IF(COUNTA(FH10:FK10)=0, 0,IF(COUNTIF(FH10:FK10,"Ab")=4,0,1))=0,0,IF(COUNTIF(FH10:FK10,"EP")=4,0,1))=0,0,IF(COUNTIF(FH10:FK10,"SP")=4,0,1)) -> 1 | FL58: =IF(IF(IF(COUNTA(FL10:FO10)=0, 0,IF(COUNTIF(FL10:FO10,"Ab")=4,0,1))=0,0,IF(COUNTIF(FL10:FO10,"EP")=4,0,1))=0,0,IF(COUNTIF(FL10:FO10,"SP")=4,0,1)) -> 1 | FP58: =IF(IF(IF(COUNTA(FP10:FS10)=0, 0,IF(COUNTIF(FP10:FS10,"Ab")=4,0,1))=0,0,IF(COUNTIF(FP10:FS10,"EP")=4,0,1))=0,0,IF(COUNTIF(FP10:FS10,"SP")=4,0,1)) -> 0 | FT58: =IF(IF(IF(COUNTA(FT10:FW10)=0, 0,IF(COUNTIF(FT10:FW10,"Ab")=4,0,1))=0,0,IF(COUNTIF(FT10:FW10,"EP")=4,0,1))=0,0,IF(COUNTIF(FT10:FW10,"SP")=4,0,1)) -> 1 | FX58: =IF(IF(IF(COUNTA(FX10:GA10)=0, 0,IF(COUNTIF(FX10:GA10,"Ab")=4,0,1))=0,0,IF(COUNTIF(FX10:GA10,"EP")=4,0,1))=0,0,IF(COUNTIF(FX10:GA10,"SP")=4,0,1)) -> 1 | GB58: =IF(IF(IF(COUNTA(GB10:GE10)=0, 0,IF(COUNTIF(GB10:GE10,"Ab")=4,0,1))=0,0,IF(COUNTIF(GB10:GE10,"EP")=4,0,1))=0,0,IF(COUNTIF(GB10:GE10,"SP")=4,0,1)) -> 1 | GF58: =IF(IF(IF(COUNTA(GF10:GI10)=0, 0,IF(COUNTIF(GF10:GI10,"Ab")=4,0,1))=0,0,IF(COUNTIF(GF10:GI10,"EP")=4,0,1))=0,0,IF(COUNTIF(GF10:GI10,"SP")=4,0,1)) -> 1 | GJ58: =IF(IF(IF(COUNTA(GJ10:GM10)=0, 0,IF(COUNTIF(GJ10:GM10,"Ab")=4,0,1))=0,0,IF(COUNTIF(GJ10:GM10,"EP")=4,0,1))=0,0,IF(COUNTIF(GJ10:GM10,"SP")=4,0,1)) -> 1 | GN58: =IF(IF(IF(COUNTA(GN10:GQ10)=0, 0,IF(COUNTIF(GN10:GQ10,"Ab")=4,0,1))=0,0,IF(COUNTIF(GN10:GQ10,"EP")=4,0,1))=0,0,IF(COUNTIF(GN10:GQ10,"SP")=4,0,1)) -> 1 | GR58: =IF(IF(IF(COUNTA(GR10:GU10)=0, 0,IF(COUNTIF(GR10:GU10,"Ab")=4,0,1))=0,0,IF(COUNTIF(GR10:GU10,"EP")=4,0,1))=0,0,IF(COUNTIF(GR10:GU10,"SP")=4,0,1)) -> 1 | GV58: =IF(IF(IF(COUNTA(GV10:GY10)=0, 0,IF(COUNTIF(GV10:GY10,"Ab")=4,0,1))=0,0,IF(COUNTIF(GV10:GY10,"EP")=4,0,1))=0,0,IF(COUNTIF(GV10:GY10,"SP")=4,0,1)) -> 1 | GZ58: =IF(IF(IF(COUNTA(GZ10:HC10)=0, 0,IF(COUNTIF(GZ10:HC10,"Ab")=4,0,1))=0,0,IF(COUNTIF(GZ10:HC10,"EP")=4,0,1))=0,0,IF(COUNTIF(GZ10:HC10,"SP")=4,0,1)) -> 1 | HD58: =IF(IF(IF(COUNTA(HD10:HG10)=0, 0,IF(COUNTIF(HD10:HG10,"Ab")=4,0,1))=0,0,IF(COUNTIF(HD10:HG10,"EP")=4,0,1))=0,0,IF(COUNTIF(HD10:HG10,"SP")=4,0,1)) -> 1 | HH58: =IF(IF(IF(COUNTA(HH10:HK10)=0, 0,IF(COUNTIF(HH10:HK10,"Ab")=4,0,1))=0,0,IF(COUNTIF(HH10:HK10,"EP")=4,0,1))=0,0,IF(COUNTIF(HH10:HK10,"SP")=4,0,1)) -> 1 | HL58: =IF(IF(IF(COUNTA(HL10:HO10)=0, 0,IF(COUNTIF(HL10:HO10,"Ab")=4,0,1))=0,0,IF(COUNTIF(HL10:HO10,"EP")=4,0,1))=0,0,IF(COUNTIF(HL10:HO10,"SP")=4,0,1)) -> 1 | HP58: =IF(IF(IF(COUNTA(HP10:HS10)=0, 0,IF(COUNTIF(HP10:HS10,"Ab")=4,0,1))=0,0,IF(COUNTIF(HP10:HS10,"EP")=4,0,1))=0,0,IF(COUNTIF(HP10:HS10,"SP")=4,0,1)) -> 0 | HT58: =IF(IF(IF(COUNTA(HT10:HW10)=0, 0,IF(COUNTIF(HT10:HW10,"Ab")=4,0,1))=0,0,IF(COUNTIF(HT10:HW10,"EP")=4,0,1))=0,0,IF(COUNTIF(HT10:HW10,"SP")=4,0,1)) -> 0 | HX58: =IF(IF(IF(COUNTA(HX10:IA10)=0, 0,IF(COUNTIF(HX10:IA10,"Ab")=4,0,1))=0,0,IF(COUNTIF(HX10:IA10,"EP")=4,0,1))=0,0,IF(COUNTIF(HX10:IA10,"SP")=4,0,1)) -> 0 | IB58: =IF(IF(IF(COUNTA(IB10:IE10)=0, 0,IF(COUNTIF(IB10:IE10,"Ab")=4,0,1))=0,0,IF(COUNTIF(IB10:IE10,"EP")=4,0,1))=0,0,IF(COUNTIF(IB10:IE10,"SP")=4,0,1)) -> 0 | IF58: =IF(IF(IF(COUNTA(IF10:II10)=0, 0,IF(COUNTIF(IF10:II10,"Ab")=4,0,1))=0,0,IF(COUNTIF(IF10:II10,"EP")=4,0,1))=0,0,IF(COUNTIF(IF10:II10,"SP")=4,0,1)) -> 0 | IJ58: =IF(IF(IF(COUNTA(IJ10:IM10)=0, 0,IF(COUNTIF(IJ10:IM10,"Ab")=4,0,1))=0,0,IF(COUNTIF(IJ10:IM10,"EP")=4,0,1))=0,0,IF(COUNTIF(IJ10:IM10,"SP")=4,0,1)) -> 0 | IN58: =IF(IF(IF(COUNTA(IN10:IQ10)=0, 0,IF(COUNTIF(IN10:IQ10,"Ab")=4,0,1))=0,0,IF(COUNTIF(IN10:IQ10,"EP")=4,0,1))=0,0,IF(COUNTIF(IN10:IQ10,"SP")=4,0,1)) -> 0 | IR58: =IF(IF(IF(COUNTA(IR10:IU10)=0, 0,IF(COUNTIF(IR10:IU10,"Ab")=4,0,1))=0,0,IF(COUNTIF(IR10:IU10,"EP")=4,0,1))=0,0,IF(COUNTIF(IR10:IU10,"SP")=4,0,1)) -> 0 | IV58: =IF(IF(IF(COUNTA(IV10:IY10)=0, 0,IF(COUNTIF(IV10:IY10,"Ab")=4,0,1))=0,0,IF(COUNTIF(IV10:IY10,"EP")=4,0,1))=0,0,IF(COUNTIF(IV10:IY10,"SP")=4,0,1)) -> 0 | IZ58: =IF(IF(IF(COUNTA(IZ10:JC10)=0, 0,IF(COUNTIF(IZ10:JC10,"Ab")=4,0,1))=0,0,IF(COUNTIF(IZ10:JC10,"EP")=4,0,1))=0,0,IF(COUNTIF(IZ10:JC10,"SP")=4,0,1)) -> 0 | JD58: =IF(IF(IF(COUNTA(JD10:JG10)=0, 0,IF(COUNTIF(JD10:JG10,"Ab")=4,0,1))=0,0,IF(COUNTIF(JD10:JG10,"EP")=4,0,1))=0,0,IF(COUNTIF(JD10:JG10,"SP")=4,0,1)) -> 0 | JH58: =IF(IF(IF(COUNTA(JH10:JK10)=0, 0,IF(COUNTIF(JH10:JK10,"Ab")=4,0,1))=0,0,IF(COUNTIF(JH10:JK10,"EP")=4,0,1))=0,0,IF(COUNTIF(JH10:JK10,"SP")=4,0,1)) -> 0 | JL58: =IF(IF(IF(COUNTA(JL10:JO10)=0, 0,IF(COUNTIF(JL10:JO10,"Ab")=4,0,1))=0,0,IF(COUNTIF(JL10:JO10,"EP")=4,0,1))=0,0,IF(COUNTIF(JL10:JO10,"SP")=4,0,1)) -> 0 | JP58: =IF(IF(IF(COUNTA(JP10:JS10)=0, 0,IF(COUNTIF(JP10:JS10,"Ab")=4,0,1))=0,0,IF(COUNTIF(JP10:JS10,"EP")=4,0,1))=0,0,IF(COUNTIF(JP10:JS10,"SP")=4,0,1)) -> 0 | JT58: =IF(IF(IF(COUNTA(JT10:JW10)=0, 0,IF(COUNTIF(JT10:JW10,"Ab")=4,0,1))=0,0,IF(COUNTIF(JT10:JW10,"EP")=4,0,1))=0,0,IF(COUNTIF(JT10:JW10,"SP")=4,0,1)) -> 0 | JX58: =IF(IF(IF(COUNTA(JX10:KA10)=0, 0,IF(COUNTIF(JX10:KA10,"Ab")=4,0,1))=0,0,IF(COUNTIF(JX10:KA10,"EP")=4,0,1))=0,0,IF(COUNTIF(JX10:KA10,"SP")=4,0,1)) -> 0 | KB58: =IF(IF(IF(COUNTA(KB10:KE10)=0, 0,IF(COUNTIF(KB10:KE10,"Ab")=4,0,1))=0,0,IF(COUNTIF(KB10:KE10,"EP")=4,0,1))=0,0,IF(COUNTIF(KB10:KE10,"SP")=4,0,1)) -> 0 | KF58: =IF(IF(IF(COUNTA(KF10:KI10)=0, 0,IF(COUNTIF(KF10:KI10,"Ab")=4,0,1))=0,0,IF(COUNTIF(KF10:KI10,"EP")=4,0,1))=0,0,IF(COUNTIF(KF10:KI10,"SP")=4,0,1)) -> 0 | KJ58: =IF(IF(IF(COUNTA(KJ10:KM10)=0, 0,IF(COUNTIF(KJ10:KM10,"Ab")=4,0,1))=0,0,IF(COUNTIF(KJ10:KM10,"EP")=4,0,1))=0,0,IF(COUNTIF(KJ10:KM10,"SP")=4,0,1)) -> 0 | KN58: =IF(IF(IF(COUNTA(KN10:KQ10)=0, 0,IF(COUNTIF(KN10:KQ10,"Ab")=4,0,1))=0,0,IF(COUNTIF(KN10:KQ10,"EP")=4,0,1))=0,0,IF(COUNTIF(KN10:KQ10,"SP")=4,0,1)) -> 0 | KR58: =IF(IF(IF(COUNTA(KR10:KU10)=0, 0,IF(COUNTIF(KR10:KU10,"Ab")=4,0,1))=0,0,IF(COUNTIF(KR10:KU10,"EP")=4,0,1))=0,0,IF(COUNTIF(KR10:KU10,"SP")=4,0,1)) -> 0 | KV58: =IF(IF(IF(COUNTA(KV10:KY10)=0, 0,IF(COUNTIF(KV10:KY10,"Ab")=4,0,1))=0,0,IF(COUNTIF(KV10:KY10,"EP")=4,0,1))=0,0,IF(COUNTIF(KV10:KY10,"SP")=4,0,1)) -> 0 | KZ58: =IF(IF(IF(COUNTA(KZ10:LC10)=0, 0,IF(COUNTIF(KZ10:LC10,"Ab")=4,0,1))=0,0,IF(COUNTIF(KZ10:LC10,"EP")=4,0,1))=0,0,IF(COUNTIF(KZ10:LC10,"SP")=4,0,1)) -> 0 | LD58: =IF(IF(IF(COUNTA(LD10:LG10)=0, 0,IF(COUNTIF(LD10:LG10,"Ab")=4,0,1))=0,0,IF(COUNTIF(LD10:LG10,"EP")=4,0,1))=0,0,IF(COUNTIF(LD10:LG10,"SP")=4,0,1)) -> 0 | LH58: =IF(IF(IF(COUNTA(LH10:LK10)=0, 0,IF(COUNTIF(LH10:LK10,"Ab")=4,0,1))=0,0,IF(COUNTIF(LH10:LK10,"EP")=4,0,1))=0,0,IF(COUNTIF(LH10:LK10,"SP")=4,0,1)) -> 0 | LL58: =IF(IF(IF(COUNTA(LL10:LO10)=0, 0,IF(COUNTIF(LL10:LO10,"Ab")=4,0,1))=0,0,IF(COUNTIF(LL10:LO10,"EP")=4,0,1))=0,0,IF(COUNTIF(LL10:LO10,"SP")=4,0,1)) -> 0 | LP58: =IF(IF(IF(COUNTA(LP10:LS10)=0, 0,IF(COUNTIF(LP10:LS10,"Ab")=4,0,1))=0,0,IF(COUNTIF(LP10:LS10,"EP")=4,0,1))=0,0,IF(COUNTIF(LP10:LS10,"SP")=4,0,1)) -> 0 | LT58: =IF(IF(IF(COUNTA(LT10:LW10)=0, 0,IF(COUNTIF(LT10:LW10,"Ab")=4,0,1))=0,0,IF(COUNTIF(LT10:LW10,"EP")=4,0,1))=0,0,IF(COUNTIF(LT10:LW10,"SP")=4,0,1)) -> 0 | LX58: =IF(IF(IF(COUNTA(LX10:MA10)=0, 0,IF(COUNTIF(LX10:MA10,"Ab")=4,0,1))=0,0,IF(COUNTIF(LX10:MA10,"EP")=4,0,1))=0,0,IF(COUNTIF(LX10:MA10,"SP")=4,0,1)) -> 0 | MB58: =IF(IF(IF(COUNTA(MB10:ME10)=0, 0,IF(COUNTIF(MB10:ME10,"Ab")=4,0,1))=0,0,IF(COUNTIF(MB10:ME10,"EP")=4,0,1))=0,0,IF(COUNTIF(MB10:ME10,"SP")=4,0,1)) -> 0 | MF58: =IF(IF(IF(COUNTA(MF10:MI10)=0, 0,IF(COUNTIF(MF10:MI10,"Ab")=4,0,1))=0,0,IF(COUNTIF(MF10:MI10,"EP")=4,0,1))=0,0,IF(COUNTIF(MF10:MI10,"SP")=4,0,1)) -> 0 | MJ58: =IF(IF(IF(COUNTA(MJ10:MM10)=0, 0,IF(COUNTIF(MJ10:MM10,"Ab")=4,0,1))=0,0,IF(COUNTIF(MJ10:MM10,"EP")=4,0,1))=0,0,IF(COUNTIF(MJ10:MM10,"SP")=4,0,1)) -> 0 | MN58: =IF(IF(IF(COUNTA(MN10:MQ10)=0, 0,IF(COUNTIF(MN10:MQ10,"Ab")=4,0,1))=0,0,IF(COUNTIF(MN10:MQ10,"EP")=4,0,1))=0,0,IF(COUNTIF(MN10:MQ10,"SP")=4,0,1)) -> 0 | MR58: =IF(IF(IF(COUNTA(MR10:MU10)=0, 0,IF(COUNTIF(MR10:MU10,"Ab")=4,0,1))=0,0,IF(COUNTIF(MR10:MU10,"EP")=4,0,1))=0,0,IF(COUNTIF(MR10:MU10,"SP")=4,0,1)) -> 0 | MV58: =IF(IF(IF(COUNTA(MV10:MY10)=0, 0,IF(COUNTIF(MV10:MY10,"Ab")=4,0,1))=0,0,IF(COUNTIF(MV10:MY10,"EP")=4,0,1))=0,0,IF(COUNTIF(MV10:MY10,"SP")=4,0,1)) -> 0 | MZ58: =IF(IF(IF(COUNTA(MZ10:NC10)=0, 0,IF(COUNTIF(MZ10:NC10,"Ab")=4,0,1))=0,0,IF(COUNTIF(MZ10:NC10,"EP")=4,0,1))=0,0,IF(COUNTIF(MZ10:NC10,"SP")=4,0,1)) -> 0 | ND58: =IF(IF(IF(COUNTA(ND10:NG10)=0, 0,IF(COUNTIF(ND10:NG10,"Ab")=4,0,1))=0,0,IF(COUNTIF(ND10:NG10,"EP")=4,0,1))=0,0,IF(COUNTIF(ND10:NG10,"SP")=4,0,1)) -> 0 | NH58: =IF(IF(IF(COUNTA(NH10:NK10)=0, 0,IF(COUNTIF(NH10:NK10,"Ab")=4,0,1))=0,0,IF(COUNTIF(NH10:NK10,"EP")=4,0,1))=0,0,IF(COUNTIF(NH10:NK10,"SP")=4,0,1)) -> 0 | NL58: =IF(IF(IF(COUNTA(NL10:NO10)=0, 0,IF(COUNTIF(NL10:NO10,"Ab")=4,0,1))=0,0,IF(COUNTIF(NL10:NO10,"EP")=4,0,1))=0,0,IF(COUNTIF(NL10:NO10,"SP")=4,0,1)) -> 0 | NP58: =IF(IF(IF(COUNTA(NP10:NS10)=0, 0,IF(COUNTIF(NP10:NS10,"Ab")=4,0,1))=0,0,IF(COUNTIF(NP10:NS10,"EP")=4,0,1))=0,0,IF(COUNTIF(NP10:NS10,"SP")=4,0,1)) -> 0 | NT58: =IF(IF(IF(COUNTA(NT10:NW10)=0, 0,IF(COUNTIF(NT10:NW10,"Ab")=4,0,1))=0,0,IF(COUNTIF(NT10:NW10,"EP")=4,0,1))=0,0,IF(COUNTIF(NT10:NW10,"SP")=4,0,1)) -> 0 | NX58: =IF(IF(IF(COUNTA(NX10:OA10)=0, 0,IF(COUNTIF(NX10:OA10,"Ab")=4,0,1))=0,0,IF(COUNTIF(NX10:OA10,"EP")=4,0,1))=0,0,IF(COUNTIF(NX10:OA10,"SP")=4,0,1)) -> 0 | OB58: =IF(IF(IF(COUNTA(OB10:OE10)=0, 0,IF(COUNTIF(OB10:OE10,"Ab")=4,0,1))=0,0,IF(COUNTIF(OB10:OE10,"EP")=4,0,1))=0,0,IF(COUNTIF(OB10:OE10,"SP")=4,0,1)) -> 0 | OF58: =IF(IF(IF(COUNTA(OF10:OI10)=0, 0,IF(COUNTIF(OF10:OI10,"Ab")=4,0,1))=0,0,IF(COUNTIF(OF10:OI10,"EP")=4,0,1))=0,0,IF(COUNTIF(OF10:OI10,"SP")=4,0,1)) -> 0 | OJ58: =IF(IF(IF(COUNTA(OJ10:OM10)=0, 0,IF(COUNTIF(OJ10:OM10,"Ab")=4,0,1))=0,0,IF(COUNTIF(OJ10:OM10,"EP")=4,0,1))=0,0,IF(COUNTIF(OJ10:OM10,"SP")=4,0,1)) -> 0 | ON58: =IF(IF(IF(COUNTA(ON10:OQ10)=0, 0,IF(COUNTIF(ON10:OQ10,"Ab")=4,0,1))=0,0,IF(COUNTIF(ON10:OQ10,"EP")=4,0,1))=0,0,IF(COUNTIF(ON10:OQ10,"SP")=4,0,1)) -> 0 | OR58: =IF(IF(IF(COUNTA(OR10:OU10)=0, 0,IF(COUNTIF(OR10:OU10,"Ab")=4,0,1))=0,0,IF(COUNTIF(OR10:OU10,"EP")=4,0,1))=0,0,IF(COUNTIF(OR10:OU10,"SP")=4,0,1)) -> 0 | OV58: =IF(IF(IF(COUNTA(OV10:OY10)=0, 0,IF(COUNTIF(OV10:OY10,"Ab")=4,0,1))=0,0,IF(COUNTIF(OV10:OY10,"EP")=4,0,1))=0,0,IF(COUNTIF(OV10:OY10,"SP")=4,0,1)) -> 0 | OZ58: =IF(IF(IF(COUNTA(OZ10:PC10)=0, 0,IF(COUNTIF(OZ10:PC10,"Ab")=4,0,1))=0,0,IF(COUNTIF(OZ10:PC10,"EP")=4,0,1))=0,0,IF(COUNTIF(OZ10:PC10,"SP")=4,0,1)) -> 0 | PD58: =IF(IF(IF(COUNTA(PD10:PG10)=0, 0,IF(COUNTIF(PD10:PG10,"Ab")=4,0,1))=0,0,IF(COUNTIF(PD10:PG10,"EP")=4,0,1))=0,0,IF(COUNTIF(PD10:PG10,"SP")=4,0,1)) -> 0
A59: =A11 -> 4 | B59: =B11 -> 357569 | D59: =D11 -> Akash N | E59: 137 | F59: =AE11 -> 47 | H59: =IF(U59="","", IF(U59<60%,"Dropout",IF(U59>=69.5%, "Regular","Irregular"))) -> Regular | I59: =AC11 -> 168 | J59: =AD11 -> 167 | T59: =IF($B59="","", IF(COUNTIF(AH11:AJW11,"EP")>=1,"Early-Placement",IF(COUNTIF(AH11:AJW11,"SP")>=1,"Self-Placement",IF(AF11>=69.5%,"Completed","Dropped")))) -> Completed | U59: =AF11 -> 1.553719 | AG59: =SUM(AH59:SW59) -> 47 | AH59: =IF(IF(IF(COUNTA(AH11:AK11)=0, 0,IF(COUNTIF(AH11:AK11,"Ab")=4,0,1))=0,0,IF(COUNTIF(AH11:AK11,"EP")=4,0,1))=0,0,IF(COUNTIF(AH11:AK11,"SP")=4,0,1)) -> 1 | AL59: =IF(IF(IF(COUNTA(AL11:AO11)=0, 0,IF(COUNTIF(AL11:AO11,"Ab")=4,0,1))=0,0,IF(COUNTIF(AL11:AO11,"EP")=4,0,1))=0,0,IF(COUNTIF(AL11:AO11,"SP")=4,0,1)) -> 1 | AP59: =IF(IF(IF(COUNTA(AP11:AS11)=0, 0,IF(COUNTIF(AP11:AS11,"Ab")=4,0,1))=0,0,IF(COUNTIF(AP11:AS11,"EP")=4,0,1))=0,0,IF(COUNTIF(AP11:AS11,"SP")=4,0,1)) -> 1 | AT59: =IF(IF(IF(COUNTA(AT11:AW11)=0, 0,IF(COUNTIF(AT11:AW11,"Ab")=4,0,1))=0,0,IF(COUNTIF(AT11:AW11,"EP")=4,0,1))=0,0,IF(COUNTIF(AT11:AW11,"SP")=4,0,1)) -> 1 | AX59: =IF(IF(IF(COUNTA(AX11:BA11)=0, 0,IF(COUNTIF(AX11:BA11,"Ab")=4,0,1))=0,0,IF(COUNTIF(AX11:BA11,"EP")=4,0,1))=0,0,IF(COUNTIF(AX11:BA11,"SP")=4,0,1)) -> 1 | BB59: =IF(IF(IF(COUNTA(BB11:BE11)=0, 0,IF(COUNTIF(BB11:BE11,"Ab")=4,0,1))=0,0,IF(COUNTIF(BB11:BE11,"EP")=4,0,1))=0,0,IF(COUNTIF(BB11:BE11,"SP")=4,0,1)) -> 1 | BF59: =IF(IF(IF(COUNTA(BF11:BI11)=0, 0,IF(COUNTIF(BF11:BI11,"Ab")=4,0,1))=0,0,IF(COUNTIF(BF11:BI11,"EP")=4,0,1))=0,0,IF(COUNTIF(BF11:BI11,"SP")=4,0,1)) -> 1 | BJ59: =IF(IF(IF(COUNTA(BJ11:BM11)=0, 0,IF(COUNTIF(BJ11:BM11,"Ab")=4,0,1))=0,0,IF(COUNTIF(BJ11:BM11,"EP")=4,0,1))=0,0,IF(COUNTIF(BJ11:BM11,"SP")=4,0,1)) -> 1 | BN59: =IF(IF(IF(COUNTA(BN11:BQ11)=0, 0,IF(COUNTIF(BN11:BQ11,"Ab")=4,0,1))=0,0,IF(COUNTIF(BN11:BQ11,"EP")=4,0,1))=0,0,IF(COUNTIF(BN11:BQ11,"SP")=4,0,1)) -> 1 | BR59: =IF(IF(IF(COUNTA(BR11:BU11)=0, 0,IF(COUNTIF(BR11:BU11,"Ab")=4,0,1))=0,0,IF(COUNTIF(BR11:BU11,"EP")=4,0,1))=0,0,IF(COUNTIF(BR11:BU11,"SP")=4,0,1)) -> 1 | BW59: =IF(IF(IF(COUNTA(BW11:BZ11)=0, 0,IF(COUNTIF(BW11:BZ11,"Ab")=4,0,1))=0,0,IF(COUNTIF(BW11:BZ11,"EP")=4,0,1))=0,0,IF(COUNTIF(BW11:BZ11,"SP")=4,0,1)) -> 1 | CA59: =IF(IF(IF(COUNTA(CA11:CD11)=0, 0,IF(COUNTIF(CA11:CD11,"Ab")=4,0,1))=0,0,IF(COUNTIF(CA11:CD11,"EP")=4,0,1))=0,0,IF(COUNTIF(CA11:CD11,"SP")=4,0,1)) -> 1 | CE59: =IF(IF(IF(COUNTA(CE11:CH11)=0, 0,IF(COUNTIF(CE11:CH11,"Ab")=4,0,1))=0,0,IF(COUNTIF(CE11:CH11,"EP")=4,0,1))=0,0,IF(COUNTIF(CE11:CH11,"SP")=4,0,1)) -> 1 | CI59: =IF(IF(IF(COUNTA(CI11:CL11)=0, 0,IF(COUNTIF(CI11:CL11,"Ab")=4,0,1))=0,0,IF(COUNTIF(CI11:CL11,"EP")=4,0,1))=0,0,IF(COUNTIF(CI11:CL11,"SP")=4,0,1)) -> 1 | CM59: =IF(IF(IF(COUNTA(CM11:CP11)=0, 0,IF(COUNTIF(CM11:CP11,"Ab")=4,0,1))=0,0,IF(COUNTIF(CM11:CP11,"EP")=4,0,1))=0,0,IF(COUNTIF(CM11:CP11,"SP")=4,0,1)) -> 1 | CQ59: =IF(IF(IF(COUNTA(CQ11:CT11)=0, 0,IF(COUNTIF(CQ11:CT11,"Ab")=4,0,1))=0,0,IF(COUNTIF(CQ11:CT11,"EP")=4,0,1))=0,0,IF(COUNTIF(CQ11:CT11,"SP")=4,0,1)) -> 1 | CU59: =IF(IF(IF(COUNTA(CU11:CX11)=0, 0,IF(COUNTIF(CU11:CX11,"Ab")=4,0,1))=0,0,IF(COUNTIF(CU11:CX11,"EP")=4,0,1))=0,0,IF(COUNTIF(CU11:CX11,"SP")=4,0,1)) -> 1 | CY59: =IF(IF(IF(COUNTA(CY11:DB11)=0, 0,IF(COUNTIF(CY11:DB11,"Ab")=4,0,1))=0,0,IF(COUNTIF(CY11:DB11,"EP")=4,0,1))=0,0,IF(COUNTIF(CY11:DB11,"SP")=4,0,1)) -> 1 | DC59: =IF(IF(IF(COUNTA(DC11:DF11)=0, 0,IF(COUNTIF(DC11:DF11,"Ab")=4,0,1))=0,0,IF(COUNTIF(DC11:DF11,"EP")=4,0,1))=0,0,IF(COUNTIF(DC11:DF11,"SP")=4,0,1)) -> 1 | DG59: =IF(IF(IF(COUNTA(DG11:DJ11)=0, 0,IF(COUNTIF(DG11:DJ11,"Ab")=4,0,1))=0,0,IF(COUNTIF(DG11:DJ11,"EP")=4,0,1))=0,0,IF(COUNTIF(DG11:DJ11,"SP")=4,0,1)) -> 1 | DK59: =IF(IF(IF(COUNTA(DK11:DN11)=0, 0,IF(COUNTIF(DK11:DN11,"Ab")=4,0,1))=0,0,IF(COUNTIF(DK11:DN11,"EP")=4,0,1))=0,0,IF(COUNTIF(DK11:DN11,"SP")=4,0,1)) -> 1 | DO59: =IF(IF(IF(COUNTA(DO11:DR11)=0, 0,IF(COUNTIF(DO11:DR11,"Ab")=4,0,1))=0,0,IF(COUNTIF(DO11:DR11,"EP")=4,0,1))=0,0,IF(COUNTIF(DO11:DR11,"SP")=4,0,1)) -> 1 | DS59: =IF(IF(IF(COUNTA(DS11:DV11)=0, 0,IF(COUNTIF(DS11:DV11,"Ab")=4,0,1))=0,0,IF(COUNTIF(DS11:DV11,"EP")=4,0,1))=0,0,IF(COUNTIF(DS11:DV11,"SP")=4,0,1)) -> 1 | DW59: =IF(IF(IF(COUNTA(DW11:DZ11)=0, 0,IF(COUNTIF(DW11:DZ11,"Ab")=4,0,1))=0,0,IF(COUNTIF(DW11:DZ11,"EP")=4,0,1))=0,0,IF(COUNTIF(DW11:DZ11,"SP")=4,0,1)) -> 1 | EA59: =IF(IF(IF(COUNTA(EA11:ED11)=0, 0,IF(COUNTIF(EA11:ED11,"Ab")=4,0,1))=0,0,IF(COUNTIF(EA11:ED11,"EP")=4,0,1))=0,0,IF(COUNTIF(EA11:ED11,"SP")=4,0,1)) -> 1 | EE59: =IF(IF(IF(COUNTA(EE11:EH11)=0, 0,IF(COUNTIF(EE11:EH11,"Ab")=4,0,1))=0,0,IF(COUNTIF(EE11:EH11,"EP")=4,0,1))=0,0,IF(COUNTIF(EE11:EH11,"SP")=4,0,1)) -> 1 | EI59: =IF(IF(IF(COUNTA(EI11:EL11)=0, 0,IF(COUNTIF(EI11:EL11,"Ab")=4,0,1))=0,0,IF(COUNTIF(EI11:EL11,"EP")=4,0,1))=0,0,IF(COUNTIF(EI11:EL11,"SP")=4,0,1)) -> 1 | EM59: =IF(IF(IF(COUNTA(EM11:EP11)=0, 0,IF(COUNTIF(EM11:EP11,"Ab")=4,0,1))=0,0,IF(COUNTIF(EM11:EP11,"EP")=4,0,1))=0,0,IF(COUNTIF(EM11:EP11,"SP")=4,0,1)) -> 1 | EQ59: =IF(IF(IF(COUNTA(EQ11:ET11)=0, 0,IF(COUNTIF(EQ11:ET11,"Ab")=4,0,1))=0,0,IF(COUNTIF(EQ11:ET11,"EP")=4,0,1))=0,0,IF(COUNTIF(EQ11:ET11,"SP")=4,0,1)) -> 1 | EU59: =IF(IF(IF(COUNTA(EU11:EX11)=0, 0,IF(COUNTIF(EU11:EX11,"Ab")=4,0,1))=0,0,IF(COUNTIF(EU11:EX11,"EP")=4,0,1))=0,0,IF(COUNTIF(EU11:EX11,"SP")=4,0,1)) -> 1 | EZ59: =IF(IF(IF(COUNTA(EZ11:FC11)=0, 0,IF(COUNTIF(EZ11:FC11,"Ab")=4,0,1))=0,0,IF(COUNTIF(EZ11:FC11,"EP")=4,0,1))=0,0,IF(COUNTIF(EZ11:FC11,"SP")=4,0,1)) -> 1 | FD59: =IF(IF(IF(COUNTA(FD11:FG11)=0, 0,IF(COUNTIF(FD11:FG11,"Ab")=4,0,1))=0,0,IF(COUNTIF(FD11:FG11,"EP")=4,0,1))=0,0,IF(COUNTIF(FD11:FG11,"SP")=4,0,1)) -> 1 | FH59: =IF(IF(IF(COUNTA(FH11:FK11)=0, 0,IF(COUNTIF(FH11:FK11,"Ab")=4,0,1))=0,0,IF(COUNTIF(FH11:FK11,"EP")=4,0,1))=0,0,IF(COUNTIF(FH11:FK11,"SP")=4,0,1)) -> 1 | FL59: =IF(IF(IF(COUNTA(FL11:FO11)=0, 0,IF(COUNTIF(FL11:FO11,"Ab")=4,0,1))=0,0,IF(COUNTIF(FL11:FO11,"EP")=4,0,1))=0,0,IF(COUNTIF(FL11:FO11,"SP")=4,0,1)) -> 1 | FP59: =IF(IF(IF(COUNTA(FP11:FS11)=0, 0,IF(COUNTIF(FP11:FS11,"Ab")=4,0,1))=0,0,IF(COUNTIF(FP11:FS11,"EP")=4,0,1))=0,0,IF(COUNTIF(FP11:FS11,"SP")=4,0,1)) -> 1 | FT59: =IF(IF(IF(COUNTA(FT11:FW11)=0, 0,IF(COUNTIF(FT11:FW11,"Ab")=4,0,1))=0,0,IF(COUNTIF(FT11:FW11,"EP")=4,0,1))=0,0,IF(COUNTIF(FT11:FW11,"SP")=4,0,1)) -> 1 | FX59: =IF(IF(IF(COUNTA(FX11:GA11)=0, 0,IF(COUNTIF(FX11:GA11,"Ab")=4,0,1))=0,0,IF(COUNTIF(FX11:GA11,"EP")=4,0,1))=0,0,IF(COUNTIF(FX11:GA11,"SP")=4,0,1)) -> 1 | GB59: =IF(IF(IF(COUNTA(GB11:GE11)=0, 0,IF(COUNTIF(GB11:GE11,"Ab")=4,0,1))=0,0,IF(COUNTIF(GB11:GE11,"EP")=4,0,1))=0,0,IF(COUNTIF(GB11:GE11,"SP")=4,0,1)) -> 1 | GF59: =IF(IF(IF(COUNTA(GF11:GI11)=0, 0,IF(COUNTIF(GF11:GI11,"Ab")=4,0,1))=0,0,IF(COUNTIF(GF11:GI11,"EP")=4,0,1))=0,0,IF(COUNTIF(GF11:GI11,"SP")=4,0,1)) -> 1 | GJ59: =IF(IF(IF(COUNTA(GJ11:GM11)=0, 0,IF(COUNTIF(GJ11:GM11,"Ab")=4,0,1))=0,0,IF(COUNTIF(GJ11:GM11,"EP")=4,0,1))=0,0,IF(COUNTIF(GJ11:GM11,"SP")=4,0,1)) -> 1 | GN59: =IF(IF(IF(COUNTA(GN11:GQ11)=0, 0,IF(COUNTIF(GN11:GQ11,"Ab")=4,0,1))=0,0,IF(COUNTIF(GN11:GQ11,"EP")=4,0,1))=0,0,IF(COUNTIF(GN11:GQ11,"SP")=4,0,1)) -> 1 | GR59: =IF(IF(IF(COUNTA(GR11:GU11)=0, 0,IF(COUNTIF(GR11:GU11,"Ab")=4,0,1))=0,0,IF(COUNTIF(GR11:GU11,"EP")=4,0,1))=0,0,IF(COUNTIF(GR11:GU11,"SP")=4,0,1)) -> 1 | GV59: =IF(IF(IF(COUNTA(GV11:GY11)=0, 0,IF(COUNTIF(GV11:GY11,"Ab")=4,0,1))=0,0,IF(COUNTIF(GV11:GY11,"EP")=4,0,1))=0,0,IF(COUNTIF(GV11:GY11,"SP")=4,0,1)) -> 1 | GZ59: =IF(IF(IF(COUNTA(GZ11:HC11)=0, 0,IF(COUNTIF(GZ11:HC11,"Ab")=4,0,1))=0,0,IF(COUNTIF(GZ11:HC11,"EP")=4,0,1))=0,0,IF(COUNTIF(GZ11:HC11,"SP")=4,0,1)) -> 1 | HD59: =IF(IF(IF(COUNTA(HD11:HG11)=0, 0,IF(COUNTIF(HD11:HG11,"Ab")=4,0,1))=0,0,IF(COUNTIF(HD11:HG11,"EP")=4,0,1))=0,0,IF(COUNTIF(HD11:HG11,"SP")=4,0,1)) -> 1 | HH59: =IF(IF(IF(COUNTA(HH11:HK11)=0, 0,IF(COUNTIF(HH11:HK11,"Ab")=4,0,1))=0,0,IF(COUNTIF(HH11:HK11,"EP")=4,0,1))=0,0,IF(COUNTIF(HH11:HK11,"SP")=4,0,1)) -> 1 | HL59: =IF(IF(IF(COUNTA(HL11:HO11)=0, 0,IF(COUNTIF(HL11:HO11,"Ab")=4,0,1))=0,0,IF(COUNTIF(HL11:HO11,"EP")=4,0,1))=0,0,IF(COUNTIF(HL11:HO11,"SP")=4,0,1)) -> 1 | HP59: =IF(IF(IF(COUNTA(HP11:HS11)=0, 0,IF(COUNTIF(HP11:HS11,"Ab")=4,0,1))=0,0,IF(COUNTIF(HP11:HS11,"EP")=4,0,1))=0,0,IF(COUNTIF(HP11:HS11,"SP")=4,0,1)) -> 0 | HT59: =IF(IF(IF(COUNTA(HT11:HW11)=0, 0,IF(COUNTIF(HT11:HW11,"Ab")=4,0,1))=0,0,IF(COUNTIF(HT11:HW11,"EP")=4,0,1))=0,0,IF(COUNTIF(HT11:HW11,"SP")=4,0,1)) -> 0 | HX59: =IF(IF(IF(COUNTA(HX11:IA11)=0, 0,IF(COUNTIF(HX11:IA11,"Ab")=4,0,1))=0,0,IF(COUNTIF(HX11:IA11,"EP")=4,0,1))=0,0,IF(COUNTIF(HX11:IA11,"SP")=4,0,1)) -> 0 | IB59: =IF(IF(IF(COUNTA(IB11:IE11)=0, 0,IF(COUNTIF(IB11:IE11,"Ab")=4,0,1))=0,0,IF(COUNTIF(IB11:IE11,"EP")=4,0,1))=0,0,IF(COUNTIF(IB11:IE11,"SP")=4,0,1)) -> 0 | IF59: =IF(IF(IF(COUNTA(IF11:II11)=0, 0,IF(COUNTIF(IF11:II11,"Ab")=4,0,1))=0,0,IF(COUNTIF(IF11:II11,"EP")=4,0,1))=0,0,IF(COUNTIF(IF11:II11,"SP")=4,0,1)) -> 0 | IJ59: =IF(IF(IF(COUNTA(IJ11:IM11)=0, 0,IF(COUNTIF(IJ11:IM11,"Ab")=4,0,1))=0,0,IF(COUNTIF(IJ11:IM11,"EP")=4,0,1))=0,0,IF(COUNTIF(IJ11:IM11,"SP")=4,0,1)) -> 0 | IN59: =IF(IF(IF(COUNTA(IN11:IQ11)=0, 0,IF(COUNTIF(IN11:IQ11,"Ab")=4,0,1))=0,0,IF(COUNTIF(IN11:IQ11,"EP")=4,0,1))=0,0,IF(COUNTIF(IN11:IQ11,"SP")=4,0,1)) -> 0 | IR59: =IF(IF(IF(COUNTA(IR11:IU11)=0, 0,IF(COUNTIF(IR11:IU11,"Ab")=4,0,1))=0,0,IF(COUNTIF(IR11:IU11,"EP")=4,0,1))=0,0,IF(COUNTIF(IR11:IU11,"SP")=4,0,1)) -> 0 | IV59: =IF(IF(IF(COUNTA(IV11:IY11)=0, 0,IF(COUNTIF(IV11:IY11,"Ab")=4,0,1))=0,0,IF(COUNTIF(IV11:IY11,"EP")=4,0,1))=0,0,IF(COUNTIF(IV11:IY11,"SP")=4,0,1)) -> 0 | IZ59: =IF(IF(IF(COUNTA(IZ11:JC11)=0, 0,IF(COUNTIF(IZ11:JC11,"Ab")=4,0,1))=0,0,IF(COUNTIF(IZ11:JC11,"EP")=4,0,1))=0,0,IF(COUNTIF(IZ11:JC11,"SP")=4,0,1)) -> 0 | JD59: =IF(IF(IF(COUNTA(JD11:JG11)=0, 0,IF(COUNTIF(JD11:JG11,"Ab")=4,0,1))=0,0,IF(COUNTIF(JD11:JG11,"EP")=4,0,1))=0,0,IF(COUNTIF(JD11:JG11,"SP")=4,0,1)) -> 0 | JH59: =IF(IF(IF(COUNTA(JH11:JK11)=0, 0,IF(COUNTIF(JH11:JK11,"Ab")=4,0,1))=0,0,IF(COUNTIF(JH11:JK11,"EP")=4,0,1))=0,0,IF(COUNTIF(JH11:JK11,"SP")=4,0,1)) -> 0 | JL59: =IF(IF(IF(COUNTA(JL11:JO11)=0, 0,IF(COUNTIF(JL11:JO11,"Ab")=4,0,1))=0,0,IF(COUNTIF(JL11:JO11,"EP")=4,0,1))=0,0,IF(COUNTIF(JL11:JO11,"SP")=4,0,1)) -> 0 | JP59: =IF(IF(IF(COUNTA(JP11:JS11)=0, 0,IF(COUNTIF(JP11:JS11,"Ab")=4,0,1))=0,0,IF(COUNTIF(JP11:JS11,"EP")=4,0,1))=0,0,IF(COUNTIF(JP11:JS11,"SP")=4,0,1)) -> 0 | JT59: =IF(IF(IF(COUNTA(JT11:JW11)=0, 0,IF(COUNTIF(JT11:JW11,"Ab")=4,0,1))=0,0,IF(COUNTIF(JT11:JW11,"EP")=4,0,1))=0,0,IF(COUNTIF(JT11:JW11,"SP")=4,0,1)) -> 0 | JX59: =IF(IF(IF(COUNTA(JX11:KA11)=0, 0,IF(COUNTIF(JX11:KA11,"Ab")=4,0,1))=0,0,IF(COUNTIF(JX11:KA11,"EP")=4,0,1))=0,0,IF(COUNTIF(JX11:KA11,"SP")=4,0,1)) -> 0 | KB59: =IF(IF(IF(COUNTA(KB11:KE11)=0, 0,IF(COUNTIF(KB11:KE11,"Ab")=4,0,1))=0,0,IF(COUNTIF(KB11:KE11,"EP")=4,0,1))=0,0,IF(COUNTIF(KB11:KE11,"SP")=4,0,1)) -> 0 | KF59: =IF(IF(IF(COUNTA(KF11:KI11)=0, 0,IF(COUNTIF(KF11:KI11,"Ab")=4,0,1))=0,0,IF(COUNTIF(KF11:KI11,"EP")=4,0,1))=0,0,IF(COUNTIF(KF11:KI11,"SP")=4,0,1)) -> 0 | KJ59: =IF(IF(IF(COUNTA(KJ11:KM11)=0, 0,IF(COUNTIF(KJ11:KM11,"Ab")=4,0,1))=0,0,IF(COUNTIF(KJ11:KM11,"EP")=4,0,1))=0,0,IF(COUNTIF(KJ11:KM11,"SP")=4,0,1)) -> 0 | KN59: =IF(IF(IF(COUNTA(KN11:KQ11)=0, 0,IF(COUNTIF(KN11:KQ11,"Ab")=4,0,1))=0,0,IF(COUNTIF(KN11:KQ11,"EP")=4,0,1))=0,0,IF(COUNTIF(KN11:KQ11,"SP")=4,0,1)) -> 0 | KR59: =IF(IF(IF(COUNTA(KR11:KU11)=0, 0,IF(COUNTIF(KR11:KU11,"Ab")=4,0,1))=0,0,IF(COUNTIF(KR11:KU11,"EP")=4,0,1))=0,0,IF(COUNTIF(KR11:KU11,"SP")=4,0,1)) -> 0 | KV59: =IF(IF(IF(COUNTA(KV11:KY11)=0, 0,IF(COUNTIF(KV11:KY11,"Ab")=4,0,1))=0,0,IF(COUNTIF(KV11:KY11,"EP")=4,0,1))=0,0,IF(COUNTIF(KV11:KY11,"SP")=4,0,1)) -> 0 | KZ59: =IF(IF(IF(COUNTA(KZ11:LC11)=0, 0,IF(COUNTIF(KZ11:LC11,"Ab")=4,0,1))=0,0,IF(COUNTIF(KZ11:LC11,"EP")=4,0,1))=0,0,IF(COUNTIF(KZ11:LC11,"SP")=4,0,1)) -> 0 | LD59: =IF(IF(IF(COUNTA(LD11:LG11)=0, 0,IF(COUNTIF(LD11:LG11,"Ab")=4,0,1))=0,0,IF(COUNTIF(LD11:LG11,"EP")=4,0,1))=0,0,IF(COUNTIF(LD11:LG11,"SP")=4,0,1)) -> 0 | LH59: =IF(IF(IF(COUNTA(LH11:LK11)=0, 0,IF(COUNTIF(LH11:LK11,"Ab")=4,0,1))=0,0,IF(COUNTIF(LH11:LK11,"EP")=4,0,1))=0,0,IF(COUNTIF(LH11:LK11,"SP")=4,0,1)) -> 0 | LL59: =IF(IF(IF(COUNTA(LL11:LO11)=0, 0,IF(COUNTIF(LL11:LO11,"Ab")=4,0,1))=0,0,IF(COUNTIF(LL11:LO11,"EP")=4,0,1))=0,0,IF(COUNTIF(LL11:LO11,"SP")=4,0,1)) -> 0 | LP59: =IF(IF(IF(COUNTA(LP11:LS11)=0, 0,IF(COUNTIF(LP11:LS11,"Ab")=4,0,1))=0,0,IF(COUNTIF(LP11:LS11,"EP")=4,0,1))=0,0,IF(COUNTIF(LP11:LS11,"SP")=4,0,1)) -> 0 | LT59: =IF(IF(IF(COUNTA(LT11:LW11)=0, 0,IF(COUNTIF(LT11:LW11,"Ab")=4,0,1))=0,0,IF(COUNTIF(LT11:LW11,"EP")=4,0,1))=0,0,IF(COUNTIF(LT11:LW11,"SP")=4,0,1)) -> 0 | LX59: =IF(IF(IF(COUNTA(LX11:MA11)=0, 0,IF(COUNTIF(LX11:MA11,"Ab")=4,0,1))=0,0,IF(COUNTIF(LX11:MA11,"EP")=4,0,1))=0,0,IF(COUNTIF(LX11:MA11,"SP")=4,0,1)) -> 0 | MB59: =IF(IF(IF(COUNTA(MB11:ME11)=0, 0,IF(COUNTIF(MB11:ME11,"Ab")=4,0,1))=0,0,IF(COUNTIF(MB11:ME11,"EP")=4,0,1))=0,0,IF(COUNTIF(MB11:ME11,"SP")=4,0,1)) -> 0 | MF59: =IF(IF(IF(COUNTA(MF11:MI11)=0, 0,IF(COUNTIF(MF11:MI11,"Ab")=4,0,1))=0,0,IF(COUNTIF(MF11:MI11,"EP")=4,0,1))=0,0,IF(COUNTIF(MF11:MI11,"SP")=4,0,1)) -> 0 | MJ59: =IF(IF(IF(COUNTA(MJ11:MM11)=0, 0,IF(COUNTIF(MJ11:MM11,"Ab")=4,0,1))=0,0,IF(COUNTIF(MJ11:MM11,"EP")=4,0,1))=0,0,IF(COUNTIF(MJ11:MM11,"SP")=4,0,1)) -> 0 | MN59: =IF(IF(IF(COUNTA(MN11:MQ11)=0, 0,IF(COUNTIF(MN11:MQ11,"Ab")=4,0,1))=0,0,IF(COUNTIF(MN11:MQ11,"EP")=4,0,1))=0,0,IF(COUNTIF(MN11:MQ11,"SP")=4,0,1)) -> 0 | MR59: =IF(IF(IF(COUNTA(MR11:MU11)=0, 0,IF(COUNTIF(MR11:MU11,"Ab")=4,0,1))=0,0,IF(COUNTIF(MR11:MU11,"EP")=4,0,1))=0,0,IF(COUNTIF(MR11:MU11,"SP")=4,0,1)) -> 0 | MV59: =IF(IF(IF(COUNTA(MV11:MY11)=0, 0,IF(COUNTIF(MV11:MY11,"Ab")=4,0,1))=0,0,IF(COUNTIF(MV11:MY11,"EP")=4,0,1))=0,0,IF(COUNTIF(MV11:MY11,"SP")=4,0,1)) -> 0 | MZ59: =IF(IF(IF(COUNTA(MZ11:NC11)=0, 0,IF(COUNTIF(MZ11:NC11,"Ab")=4,0,1))=0,0,IF(COUNTIF(MZ11:NC11,"EP")=4,0,1))=0,0,IF(COUNTIF(MZ11:NC11,"SP")=4,0,1)) -> 0 | ND59: =IF(IF(IF(COUNTA(ND11:NG11)=0, 0,IF(COUNTIF(ND11:NG11,"Ab")=4,0,1))=0,0,IF(COUNTIF(ND11:NG11,"EP")=4,0,1))=0,0,IF(COUNTIF(ND11:NG11,"SP")=4,0,1)) -> 0 | NH59: =IF(IF(IF(COUNTA(NH11:NK11)=0, 0,IF(COUNTIF(NH11:NK11,"Ab")=4,0,1))=0,0,IF(COUNTIF(NH11:NK11,"EP")=4,0,1))=0,0,IF(COUNTIF(NH11:NK11,"SP")=4,0,1)) -> 0 | NL59: =IF(IF(IF(COUNTA(NL11:NO11)=0, 0,IF(COUNTIF(NL11:NO11,"Ab")=4,0,1))=0,0,IF(COUNTIF(NL11:NO11,"EP")=4,0,1))=0,0,IF(COUNTIF(NL11:NO11,"SP")=4,0,1)) -> 0 | NP59: =IF(IF(IF(COUNTA(NP11:NS11)=0, 0,IF(COUNTIF(NP11:NS11,"Ab")=4,0,1))=0,0,IF(COUNTIF(NP11:NS11,"EP")=4,0,1))=0,0,IF(COUNTIF(NP11:NS11,"SP")=4,0,1)) -> 0 | NT59: =IF(IF(IF(COUNTA(NT11:NW11)=0, 0,IF(COUNTIF(NT11:NW11,"Ab")=4,0,1))=0,0,IF(COUNTIF(NT11:NW11,"EP")=4,0,1))=0,0,IF(COUNTIF(NT11:NW11,"SP")=4,0,1)) -> 0 | NX59: =IF(IF(IF(COUNTA(NX11:OA11)=0, 0,IF(COUNTIF(NX11:OA11,"Ab")=4,0,1))=0,0,IF(COUNTIF(NX11:OA11,"EP")=4,0,1))=0,0,IF(COUNTIF(NX11:OA11,"SP")=4,0,1)) -> 0 | OB59: =IF(IF(IF(COUNTA(OB11:OE11)=0, 0,IF(COUNTIF(OB11:OE11,"Ab")=4,0,1))=0,0,IF(COUNTIF(OB11:OE11,"EP")=4,0,1))=0,0,IF(COUNTIF(OB11:OE11,"SP")=4,0,1)) -> 0 | OF59: =IF(IF(IF(COUNTA(OF11:OI11)=0, 0,IF(COUNTIF(OF11:OI11,"Ab")=4,0,1))=0,0,IF(COUNTIF(OF11:OI11,"EP")=4,0,1))=0,0,IF(COUNTIF(OF11:OI11,"SP")=4,0,1)) -> 0 | OJ59: =IF(IF(IF(COUNTA(OJ11:OM11)=0, 0,IF(COUNTIF(OJ11:OM11,"Ab")=4,0,1))=0,0,IF(COUNTIF(OJ11:OM11,"EP")=4,0,1))=0,0,IF(COUNTIF(OJ11:OM11,"SP")=4,0,1)) -> 0 | ON59: =IF(IF(IF(COUNTA(ON11:OQ11)=0, 0,IF(COUNTIF(ON11:OQ11,"Ab")=4,0,1))=0,0,IF(COUNTIF(ON11:OQ11,"EP")=4,0,1))=0,0,IF(COUNTIF(ON11:OQ11,"SP")=4,0,1)) -> 0 | OR59: =IF(IF(IF(COUNTA(OR11:OU11)=0, 0,IF(COUNTIF(OR11:OU11,"Ab")=4,0,1))=0,0,IF(COUNTIF(OR11:OU11,"EP")=4,0,1))=0,0,IF(COUNTIF(OR11:OU11,"SP")=4,0,1)) -> 0 | OV59: =IF(IF(IF(COUNTA(OV11:OY11)=0, 0,IF(COUNTIF(OV11:OY11,"Ab")=4,0,1))=0,0,IF(COUNTIF(OV11:OY11,"EP")=4,0,1))=0,0,IF(COUNTIF(OV11:OY11,"SP")=4,0,1)) -> 0 | OZ59: =IF(IF(IF(COUNTA(OZ11:PC11)=0, 0,IF(COUNTIF(OZ11:PC11,"Ab")=4,0,1))=0,0,IF(COUNTIF(OZ11:PC11,"EP")=4,0,1))=0,0,IF(COUNTIF(OZ11:PC11,"SP")=4,0,1)) -> 0 | PD59: =IF(IF(IF(COUNTA(PD11:PG11)=0, 0,IF(COUNTIF(PD11:PG11,"Ab")=4,0,1))=0,0,IF(COUNTIF(PD11:PG11,"EP")=4,0,1))=0,0,IF(COUNTIF(PD11:PG11,"SP")=4,0,1)) -> 0
A60: =A12 -> 5 | B60: =B12 -> 357670 | D60: =D12 -> M Kerthikaa | E60: 137 | F60: =AE12 -> 41 | H60: =IF(U60="","", IF(U60<60%,"Dropout",IF(U60>=69.5%, "Regular","Irregular"))) -> Regular | I60: =AC12 -> 171 | J60: =AD12 -> 146 | T60: =IF($B60="","", IF(COUNTIF(AH12:AJW12,"EP")>=1,"Early-Placement",IF(COUNTIF(AH12:AJW12,"SP")>=1,"Self-Placement",IF(AF12>=69.5%,"Completed","Dropped")))) -> Completed | U60: =AF12 -> 1.3553719 | AG60: =SUM(AH60:SW60) -> 41 | AH60: =IF(IF(IF(COUNTA(AH12:AK12)=0, 0,IF(COUNTIF(AH12:AK12,"Ab")=4,0,1))=0,0,IF(COUNTIF(AH12:AK12,"EP")=4,0,1))=0,0,IF(COUNTIF(AH12:AK12,"SP")=4,0,1)) -> 1 | AL60: =IF(IF(IF(COUNTA(AL12:AO12)=0, 0,IF(COUNTIF(AL12:AO12,"Ab")=4,0,1))=0,0,IF(COUNTIF(AL12:AO12,"EP")=4,0,1))=0,0,IF(COUNTIF(AL12:AO12,"SP")=4,0,1)) -> 1 | AP60: =IF(IF(IF(COUNTA(AP12:AS12)=0, 0,IF(COUNTIF(AP12:AS12,"Ab")=4,0,1))=0,0,IF(COUNTIF(AP12:AS12,"EP")=4,0,1))=0,0,IF(COUNTIF(AP12:AS12,"SP")=4,0,1)) -> 1 | AT60: =IF(IF(IF(COUNTA(AT12:AW12)=0, 0,IF(COUNTIF(AT12:AW12,"Ab")=4,0,1))=0,0,IF(COUNTIF(AT12:AW12,"EP")=4,0,1))=0,0,IF(COUNTIF(AT12:AW12,"SP")=4,0,1)) -> 1 | AX60: =IF(IF(IF(COUNTA(AX12:BA12)=0, 0,IF(COUNTIF(AX12:BA12,"Ab")=4,0,1))=0,0,IF(COUNTIF(AX12:BA12,"EP")=4,0,1))=0,0,IF(COUNTIF(AX12:BA12,"SP")=4,0,1)) -> 1 | BB60: =IF(IF(IF(COUNTA(BB12:BE12)=0, 0,IF(COUNTIF(BB12:BE12,"Ab")=4,0,1))=0,0,IF(COUNTIF(BB12:BE12,"EP")=4,0,1))=0,0,IF(COUNTIF(BB12:BE12,"SP")=4,0,1)) -> 1 | BF60: =IF(IF(IF(COUNTA(BF12:BI12)=0, 0,IF(COUNTIF(BF12:BI12,"Ab")=4,0,1))=0,0,IF(COUNTIF(BF12:BI12,"EP")=4,0,1))=0,0,IF(COUNTIF(BF12:BI12,"SP")=4,0,1)) -> 1 | BJ60: =IF(IF(IF(COUNTA(BJ12:BM12)=0, 0,IF(COUNTIF(BJ12:BM12,"Ab")=4,0,1))=0,0,IF(COUNTIF(BJ12:BM12,"EP")=4,0,1))=0,0,IF(COUNTIF(BJ12:BM12,"SP")=4,0,1)) -> 1 | BN60: =IF(IF(IF(COUNTA(BN12:BQ12)=0, 0,IF(COUNTIF(BN12:BQ12,"Ab")=4,0,1))=0,0,IF(COUNTIF(BN12:BQ12,"EP")=4,0,1))=0,0,IF(COUNTIF(BN12:BQ12,"SP")=4,0,1)) -> 1 | BR60: =IF(IF(IF(COUNTA(BR12:BU12)=0, 0,IF(COUNTIF(BR12:BU12,"Ab")=4,0,1))=0,0,IF(COUNTIF(BR12:BU12,"EP")=4,0,1))=0,0,IF(COUNTIF(BR12:BU12,"SP")=4,0,1)) -> 1 | BW60: =IF(IF(IF(COUNTA(BW12:BZ12)=0, 0,IF(COUNTIF(BW12:BZ12,"Ab")=4,0,1))=0,0,IF(COUNTIF(BW12:BZ12,"EP")=4,0,1))=0,0,IF(COUNTIF(BW12:BZ12,"SP")=4,0,1)) -> 1 | CA60: =IF(IF(IF(COUNTA(CA12:CD12)=0, 0,IF(COUNTIF(CA12:CD12,"Ab")=4,0,1))=0,0,IF(COUNTIF(CA12:CD12,"EP")=4,0,1))=0,0,IF(COUNTIF(CA12:CD12,"SP")=4,0,1)) -> 1 | CE60: =IF(IF(IF(COUNTA(CE12:CH12)=0, 0,IF(COUNTIF(CE12:CH12,"Ab")=4,0,1))=0,0,IF(COUNTIF(CE12:CH12,"EP")=4,0,1))=0,0,IF(COUNTIF(CE12:CH12,"SP")=4,0,1)) -> 1 | CI60: =IF(IF(IF(COUNTA(CI12:CL12)=0, 0,IF(COUNTIF(CI12:CL12,"Ab")=4,0,1))=0,0,IF(COUNTIF(CI12:CL12,"EP")=4,0,1))=0,0,IF(COUNTIF(CI12:CL12,"SP")=4,0,1)) -> 1 | CM60: =IF(IF(IF(COUNTA(CM12:CP12)=0, 0,IF(COUNTIF(CM12:CP12,"Ab")=4,0,1))=0,0,IF(COUNTIF(CM12:CP12,"EP")=4,0,1))=0,0,IF(COUNTIF(CM12:CP12,"SP")=4,0,1)) -> 0 | CQ60: =IF(IF(IF(COUNTA(CQ12:CT12)=0, 0,IF(COUNTIF(CQ12:CT12,"Ab")=4,0,1))=0,0,IF(COUNTIF(CQ12:CT12,"EP")=4,0,1))=0,0,IF(COUNTIF(CQ12:CT12,"SP")=4,0,1)) -> 1 | CU60: =IF(IF(IF(COUNTA(CU12:CX12)=0, 0,IF(COUNTIF(CU12:CX12,"Ab")=4,0,1))=0,0,IF(COUNTIF(CU12:CX12,"EP")=4,0,1))=0,0,IF(COUNTIF(CU12:CX12,"SP")=4,0,1)) -> 0 | CY60: =IF(IF(IF(COUNTA(CY12:DB12)=0, 0,IF(COUNTIF(CY12:DB12,"Ab")=4,0,1))=0,0,IF(COUNTIF(CY12:DB12,"EP")=4,0,1))=0,0,IF(COUNTIF(CY12:DB12,"SP")=4,0,1)) -> 1 | DC60: =IF(IF(IF(COUNTA(DC12:DF12)=0, 0,IF(COUNTIF(DC12:DF12,"Ab")=4,0,1))=0,0,IF(COUNTIF(DC12:DF12,"EP")=4,0,1))=0,0,IF(COUNTIF(DC12:DF12,"SP")=4,0,1)) -> 0 | DG60: =IF(IF(IF(COUNTA(DG12:DJ12)=0, 0,IF(COUNTIF(DG12:DJ12,"Ab")=4,0,1))=0,0,IF(COUNTIF(DG12:DJ12,"EP")=4,0,1))=0,0,IF(COUNTIF(DG12:DJ12,"SP")=4,0,1)) -> 1 | DK60: =IF(IF(IF(COUNTA(DK12:DN12)=0, 0,IF(COUNTIF(DK12:DN12,"Ab")=4,0,1))=0,0,IF(COUNTIF(DK12:DN12,"EP")=4,0,1))=0,0,IF(COUNTIF(DK12:DN12,"SP")=4,0,1)) -> 1 | DO60: =IF(IF(IF(COUNTA(DO12:DR12)=0, 0,IF(COUNTIF(DO12:DR12,"Ab")=4,0,1))=0,0,IF(COUNTIF(DO12:DR12,"EP")=4,0,1))=0,0,IF(COUNTIF(DO12:DR12,"SP")=4,0,1)) -> 1 | DS60: =IF(IF(IF(COUNTA(DS12:DV12)=0, 0,IF(COUNTIF(DS12:DV12,"Ab")=4,0,1))=0,0,IF(COUNTIF(DS12:DV12,"EP")=4,0,1))=0,0,IF(COUNTIF(DS12:DV12,"SP")=4,0,1)) -> 1 | DW60: =IF(IF(IF(COUNTA(DW12:DZ12)=0, 0,IF(COUNTIF(DW12:DZ12,"Ab")=4,0,1))=0,0,IF(COUNTIF(DW12:DZ12,"EP")=4,0,1))=0,0,IF(COUNTIF(DW12:DZ12,"SP")=4,0,1)) -> 1 | EA60: =IF(IF(IF(COUNTA(EA12:ED12)=0, 0,IF(COUNTIF(EA12:ED12,"Ab")=4,0,1))=0,0,IF(COUNTIF(EA12:ED12,"EP")=4,0,1))=0,0,IF(COUNTIF(EA12:ED12,"SP")=4,0,1)) -> 1 | EE60: =IF(IF(IF(COUNTA(EE12:EH12)=0, 0,IF(COUNTIF(EE12:EH12,"Ab")=4,0,1))=0,0,IF(COUNTIF(EE12:EH12,"EP")=4,0,1))=0,0,IF(COUNTIF(EE12:EH12,"SP")=4,0,1)) -> 1 | EI60: =IF(IF(IF(COUNTA(EI12:EL12)=0, 0,IF(COUNTIF(EI12:EL12,"Ab")=4,0,1))=0,0,IF(COUNTIF(EI12:EL12,"EP")=4,0,1))=0,0,IF(COUNTIF(EI12:EL12,"SP")=4,0,1)) -> 1 | EM60: =IF(IF(IF(COUNTA(EM12:EP12)=0, 0,IF(COUNTIF(EM12:EP12,"Ab")=4,0,1))=0,0,IF(COUNTIF(EM12:EP12,"EP")=4,0,1))=0,0,IF(COUNTIF(EM12:EP12,"SP")=4,0,1)) -> 1 | EQ60: =IF(IF(IF(COUNTA(EQ12:ET12)=0, 0,IF(COUNTIF(EQ12:ET12,"Ab")=4,0,1))=0,0,IF(COUNTIF(EQ12:ET12,"EP")=4,0,1))=0,0,IF(COUNTIF(EQ12:ET12,"SP")=4,0,1)) -> 1 | EU60: =IF(IF(IF(COUNTA(EU12:EX12)=0, 0,IF(COUNTIF(EU12:EX12,"Ab")=4,0,1))=0,0,IF(COUNTIF(EU12:EX12,"EP")=4,0,1))=0,0,IF(COUNTIF(EU12:EX12,"SP")=4,0,1)) -> 1 | EZ60: =IF(IF(IF(COUNTA(EZ12:FC12)=0, 0,IF(COUNTIF(EZ12:FC12,"Ab")=4,0,1))=0,0,IF(COUNTIF(EZ12:FC12,"EP")=4,0,1))=0,0,IF(COUNTIF(EZ12:FC12,"SP")=4,0,1)) -> 1 | FD60: =IF(IF(IF(COUNTA(FD12:FG12)=0, 0,IF(COUNTIF(FD12:FG12,"Ab")=4,0,1))=0,0,IF(COUNTIF(FD12:FG12,"EP")=4,0,1))=0,0,IF(COUNTIF(FD12:FG12,"SP")=4,0,1)) -> 1 | FH60: =IF(IF(IF(COUNTA(FH12:FK12)=0, 0,IF(COUNTIF(FH12:FK12,"Ab")=4,0,1))=0,0,IF(COUNTIF(FH12:FK12,"EP")=4,0,1))=0,0,IF(COUNTIF(FH12:FK12,"SP")=4,0,1)) -> 1 | FL60: =IF(IF(IF(COUNTA(FL12:FO12)=0, 0,IF(COUNTIF(FL12:FO12,"Ab")=4,0,1))=0,0,IF(COUNTIF(FL12:FO12,"EP")=4,0,1))=0,0,IF(COUNTIF(FL12:FO12,"SP")=4,0,1)) -> 1 | FP60: =IF(IF(IF(COUNTA(FP12:FS12)=0, 0,IF(COUNTIF(FP12:FS12,"Ab")=4,0,1))=0,0,IF(COUNTIF(FP12:FS12,"EP")=4,0,1))=0,0,IF(COUNTIF(FP12:FS12,"SP")=4,0,1)) -> 1 | FT60: =IF(IF(IF(COUNTA(FT12:FW12)=0, 0,IF(COUNTIF(FT12:FW12,"Ab")=4,0,1))=0,0,IF(COUNTIF(FT12:FW12,"EP")=4,0,1))=0,0,IF(COUNTIF(FT12:FW12,"SP")=4,0,1)) -> 1 | FX60: =IF(IF(IF(COUNTA(FX12:GA12)=0, 0,IF(COUNTIF(FX12:GA12,"Ab")=4,0,1))=0,0,IF(COUNTIF(FX12:GA12,"EP")=4,0,1))=0,0,IF(COUNTIF(FX12:GA12,"SP")=4,0,1)) -> 1 | GB60: =IF(IF(IF(COUNTA(GB12:GE12)=0, 0,IF(COUNTIF(GB12:GE12,"Ab")=4,0,1))=0,0,IF(COUNTIF(GB12:GE12,"EP")=4,0,1))=0,0,IF(COUNTIF(GB12:GE12,"SP")=4,0,1)) -> 1 | GF60: =IF(IF(IF(COUNTA(GF12:GI12)=0, 0,IF(COUNTIF(GF12:GI12,"Ab")=4,0,1))=0,0,IF(COUNTIF(GF12:GI12,"EP")=4,0,1))=0,0,IF(COUNTIF(GF12:GI12,"SP")=4,0,1)) -> 0 | GJ60: =IF(IF(IF(COUNTA(GJ12:GM12)=0, 0,IF(COUNTIF(GJ12:GM12,"Ab")=4,0,1))=0,0,IF(COUNTIF(GJ12:GM12,"EP")=4,0,1))=0,0,IF(COUNTIF(GJ12:GM12,"SP")=4,0,1)) -> 1 | GN60: =IF(IF(IF(COUNTA(GN12:GQ12)=0, 0,IF(COUNTIF(GN12:GQ12,"Ab")=4,0,1))=0,0,IF(COUNTIF(GN12:GQ12,"EP")=4,0,1))=0,0,IF(COUNTIF(GN12:GQ12,"SP")=4,0,1)) -> 0 | GR60: =IF(IF(IF(COUNTA(GR12:GU12)=0, 0,IF(COUNTIF(GR12:GU12,"Ab")=4,0,1))=0,0,IF(COUNTIF(GR12:GU12,"EP")=4,0,1))=0,0,IF(COUNTIF(GR12:GU12,"SP")=4,0,1)) -> 1 | GV60: =IF(IF(IF(COUNTA(GV12:GY12)=0, 0,IF(COUNTIF(GV12:GY12,"Ab")=4,0,1))=0,0,IF(COUNTIF(GV12:GY12,"EP")=4,0,1))=0,0,IF(COUNTIF(GV12:GY12,"SP")=4,0,1)) -> 1 | GZ60: =IF(IF(IF(COUNTA(GZ12:HC12)=0, 0,IF(COUNTIF(GZ12:HC12,"Ab")=4,0,1))=0,0,IF(COUNTIF(GZ12:HC12,"EP")=4,0,1))=0,0,IF(COUNTIF(GZ12:HC12,"SP")=4,0,1)) -> 1 | HD60: =IF(IF(IF(COUNTA(HD12:HG12)=0, 0,IF(COUNTIF(HD12:HG12,"Ab")=4,0,1))=0,0,IF(COUNTIF(HD12:HG12,"EP")=4,0,1))=0,0,IF(COUNTIF(HD12:HG12,"SP")=4,0,1)) -> 1 | HH60: =IF(IF(IF(COUNTA(HH12:HK12)=0, 0,IF(COUNTIF(HH12:HK12,"Ab")=4,0,1))=0,0,IF(COUNTIF(HH12:HK12,"EP")=4,0,1))=0,0,IF(COUNTIF(HH12:HK12,"SP")=4,0,1)) -> 0 | HL60: =IF(IF(IF(COUNTA(HL12:HO12)=0, 0,IF(COUNTIF(HL12:HO12,"Ab")=4,0,1))=0,0,IF(COUNTIF(HL12:HO12,"EP")=4,0,1))=0,0,IF(COUNTIF(HL12:HO12,"SP")=4,0,1)) -> 1 | HP60: =IF(IF(IF(COUNTA(HP12:HS12)=0, 0,IF(COUNTIF(HP12:HS12,"Ab")=4,0,1))=0,0,IF(COUNTIF(HP12:HS12,"EP")=4,0,1))=0,0,IF(COUNTIF(HP12:HS12,"SP")=4,0,1)) -> 0 | HT60: =IF(IF(IF(COUNTA(HT12:HW12)=0, 0,IF(COUNTIF(HT12:HW12,"Ab")=4,0,1))=0,0,IF(COUNTIF(HT12:HW12,"EP")=4,0,1))=0,0,IF(COUNTIF(HT12:HW12,"SP")=4,0,1)) -> 0 | HX60: =IF(IF(IF(COUNTA(HX12:IA12)=0, 0,IF(COUNTIF(HX12:IA12,"Ab")=4,0,1))=0,0,IF(COUNTIF(HX12:IA12,"EP")=4,0,1))=0,0,IF(COUNTIF(HX12:IA12,"SP")=4,0,1)) -> 0 | IB60: =IF(IF(IF(COUNTA(IB12:IE12)=0, 0,IF(COUNTIF(IB12:IE12,"Ab")=4,0,1))=0,0,IF(COUNTIF(IB12:IE12,"EP")=4,0,1))=0,0,IF(COUNTIF(IB12:IE12,"SP")=4,0,1)) -> 0 | IF60: =IF(IF(IF(COUNTA(IF12:II12)=0, 0,IF(COUNTIF(IF12:II12,"Ab")=4,0,1))=0,0,IF(COUNTIF(IF12:II12,"EP")=4,0,1))=0,0,IF(COUNTIF(IF12:II12,"SP")=4,0,1)) -> 0 | IJ60: =IF(IF(IF(COUNTA(IJ12:IM12)=0, 0,IF(COUNTIF(IJ12:IM12,"Ab")=4,0,1))=0,0,IF(COUNTIF(IJ12:IM12,"EP")=4,0,1))=0,0,IF(COUNTIF(IJ12:IM12,"SP")=4,0,1)) -> 0 | IN60: =IF(IF(IF(COUNTA(IN12:IQ12)=0, 0,IF(COUNTIF(IN12:IQ12,"Ab")=4,0,1))=0,0,IF(COUNTIF(IN12:IQ12,"EP")=4,0,1))=0,0,IF(COUNTIF(IN12:IQ12,"SP")=4,0,1)) -> 0 | IR60: =IF(IF(IF(COUNTA(IR12:IU12)=0, 0,IF(COUNTIF(IR12:IU12,"Ab")=4,0,1))=0,0,IF(COUNTIF(IR12:IU12,"EP")=4,0,1))=0,0,IF(COUNTIF(IR12:IU12,"SP")=4,0,1)) -> 0 | IV60: =IF(IF(IF(COUNTA(IV12:IY12)=0, 0,IF(COUNTIF(IV12:IY12,"Ab")=4,0,1))=0,0,IF(COUNTIF(IV12:IY12,"EP")=4,0,1))=0,0,IF(COUNTIF(IV12:IY12,"SP")=4,0,1)) -> 0 | IZ60: =IF(IF(IF(COUNTA(IZ12:JC12)=0, 0,IF(COUNTIF(IZ12:JC12,"Ab")=4,0,1))=0,0,IF(COUNTIF(IZ12:JC12,"EP")=4,0,1))=0,0,IF(COUNTIF(IZ12:JC12,"SP")=4,0,1)) -> 0 | JD60: =IF(IF(IF(COUNTA(JD12:JG12)=0, 0,IF(COUNTIF(JD12:JG12,"Ab")=4,0,1))=0,0,IF(COUNTIF(JD12:JG12,"EP")=4,0,1))=0,0,IF(COUNTIF(JD12:JG12,"SP")=4,0,1)) -> 0 | JH60: =IF(IF(IF(COUNTA(JH12:JK12)=0, 0,IF(COUNTIF(JH12:JK12,"Ab")=4,0,1))=0,0,IF(COUNTIF(JH12:JK12,"EP")=4,0,1))=0,0,IF(COUNTIF(JH12:JK12,"SP")=4,0,1)) -> 0 | JL60: =IF(IF(IF(COUNTA(JL12:JO12)=0, 0,IF(COUNTIF(JL12:JO12,"Ab")=4,0,1))=0,0,IF(COUNTIF(JL12:JO12,"EP")=4,0,1))=0,0,IF(COUNTIF(JL12:JO12,"SP")=4,0,1)) -> 0 | JP60: =IF(IF(IF(COUNTA(JP12:JS12)=0, 0,IF(COUNTIF(JP12:JS12,"Ab")=4,0,1))=0,0,IF(COUNTIF(JP12:JS12,"EP")=4,0,1))=0,0,IF(COUNTIF(JP12:JS12,"SP")=4,0,1)) -> 0 | JT60: =IF(IF(IF(COUNTA(JT12:JW12)=0, 0,IF(COUNTIF(JT12:JW12,"Ab")=4,0,1))=0,0,IF(COUNTIF(JT12:JW12,"EP")=4,0,1))=0,0,IF(COUNTIF(JT12:JW12,"SP")=4,0,1)) -> 0 | JX60: =IF(IF(IF(COUNTA(JX12:KA12)=0, 0,IF(COUNTIF(JX12:KA12,"Ab")=4,0,1))=0,0,IF(COUNTIF(JX12:KA12,"EP")=4,0,1))=0,0,IF(COUNTIF(JX12:KA12,"SP")=4,0,1)) -> 0 | KB60: =IF(IF(IF(COUNTA(KB12:KE12)=0, 0,IF(COUNTIF(KB12:KE12,"Ab")=4,0,1))=0,0,IF(COUNTIF(KB12:KE12,"EP")=4,0,1))=0,0,IF(COUNTIF(KB12:KE12,"SP")=4,0,1)) -> 0 | KF60: =IF(IF(IF(COUNTA(KF12:KI12)=0, 0,IF(COUNTIF(KF12:KI12,"Ab")=4,0,1))=0,0,IF(COUNTIF(KF12:KI12,"EP")=4,0,1))=0,0,IF(COUNTIF(KF12:KI12,"SP")=4,0,1)) -> 0 | KJ60: =IF(IF(IF(COUNTA(KJ12:KM12)=0, 0,IF(COUNTIF(KJ12:KM12,"Ab")=4,0,1))=0,0,IF(COUNTIF(KJ12:KM12,"EP")=4,0,1))=0,0,IF(COUNTIF(KJ12:KM12,"SP")=4,0,1)) -> 0 | KN60: =IF(IF(IF(COUNTA(KN12:KQ12)=0, 0,IF(COUNTIF(KN12:KQ12,"Ab")=4,0,1))=0,0,IF(COUNTIF(KN12:KQ12,"EP")=4,0,1))=0,0,IF(COUNTIF(KN12:KQ12,"SP")=4,0,1)) -> 0 | KR60: =IF(IF(IF(COUNTA(KR12:KU12)=0, 0,IF(COUNTIF(KR12:KU12,"Ab")=4,0,1))=0,0,IF(COUNTIF(KR12:KU12,"EP")=4,0,1))=0,0,IF(COUNTIF(KR12:KU12,"SP")=4,0,1)) -> 0 | KV60: =IF(IF(IF(COUNTA(KV12:KY12)=0, 0,IF(COUNTIF(KV12:KY12,"Ab")=4,0,1))=0,0,IF(COUNTIF(KV12:KY12,"EP")=4,0,1))=0,0,IF(COUNTIF(KV12:KY12,"SP")=4,0,1)) -> 0 | KZ60: =IF(IF(IF(COUNTA(KZ12:LC12)=0, 0,IF(COUNTIF(KZ12:LC12,"Ab")=4,0,1))=0,0,IF(COUNTIF(KZ12:LC12,"EP")=4,0,1))=0,0,IF(COUNTIF(KZ12:LC12,"SP")=4,0,1)) -> 0 | LD60: =IF(IF(IF(COUNTA(LD12:LG12)=0, 0,IF(COUNTIF(LD12:LG12,"Ab")=4,0,1))=0,0,IF(COUNTIF(LD12:LG12,"EP")=4,0,1))=0,0,IF(COUNTIF(LD12:LG12,"SP")=4,0,1)) -> 0 | LH60: =IF(IF(IF(COUNTA(LH12:LK12)=0, 0,IF(COUNTIF(LH12:LK12,"Ab")=4,0,1))=0,0,IF(COUNTIF(LH12:LK12,"EP")=4,0,1))=0,0,IF(COUNTIF(LH12:LK12,"SP")=4,0,1)) -> 0 | LL60: =IF(IF(IF(COUNTA(LL12:LO12)=0, 0,IF(COUNTIF(LL12:LO12,"Ab")=4,0,1))=0,0,IF(COUNTIF(LL12:LO12,"EP")=4,0,1))=0,0,IF(COUNTIF(LL12:LO12,"SP")=4,0,1)) -> 0 | LP60: =IF(IF(IF(COUNTA(LP12:LS12)=0, 0,IF(COUNTIF(LP12:LS12,"Ab")=4,0,1))=0,0,IF(COUNTIF(LP12:LS12,"EP")=4,0,1))=0,0,IF(COUNTIF(LP12:LS12,"SP")=4,0,1)) -> 0 | LT60: =IF(IF(IF(COUNTA(LT12:LW12)=0, 0,IF(COUNTIF(LT12:LW12,"Ab")=4,0,1))=0,0,IF(COUNTIF(LT12:LW12,"EP")=4,0,1))=0,0,IF(COUNTIF(LT12:LW12,"SP")=4,0,1)) -> 0 | LX60: =IF(IF(IF(COUNTA(LX12:MA12)=0, 0,IF(COUNTIF(LX12:MA12,"Ab")=4,0,1))=0,0,IF(COUNTIF(LX12:MA12,"EP")=4,0,1))=0,0,IF(COUNTIF(LX12:MA12,"SP")=4,0,1)) -> 0 | MB60: =IF(IF(IF(COUNTA(MB12:ME12)=0, 0,IF(COUNTIF(MB12:ME12,"Ab")=4,0,1))=0,0,IF(COUNTIF(MB12:ME12,"EP")=4,0,1))=0,0,IF(COUNTIF(MB12:ME12,"SP")=4,0,1)) -> 0 | MF60: =IF(IF(IF(COUNTA(MF12:MI12)=0, 0,IF(COUNTIF(MF12:MI12,"Ab")=4,0,1))=0,0,IF(COUNTIF(MF12:MI12,"EP")=4,0,1))=0,0,IF(COUNTIF(MF12:MI12,"SP")=4,0,1)) -> 0 | MJ60: =IF(IF(IF(COUNTA(MJ12:MM12)=0, 0,IF(COUNTIF(MJ12:MM12,"Ab")=4,0,1))=0,0,IF(COUNTIF(MJ12:MM12,"EP")=4,0,1))=0,0,IF(COUNTIF(MJ12:MM12,"SP")=4,0,1)) -> 0 | MN60: =IF(IF(IF(COUNTA(MN12:MQ12)=0, 0,IF(COUNTIF(MN12:MQ12,"Ab")=4,0,1))=0,0,IF(COUNTIF(MN12:MQ12,"EP")=4,0,1))=0,0,IF(COUNTIF(MN12:MQ12,"SP")=4,0,1)) -> 0 | MR60: =IF(IF(IF(COUNTA(MR12:MU12)=0, 0,IF(COUNTIF(MR12:MU12,"Ab")=4,0,1))=0,0,IF(COUNTIF(MR12:MU12,"EP")=4,0,1))=0,0,IF(COUNTIF(MR12:MU12,"SP")=4,0,1)) -> 0 | MV60: =IF(IF(IF(COUNTA(MV12:MY12)=0, 0,IF(COUNTIF(MV12:MY12,"Ab")=4,0,1))=0,0,IF(COUNTIF(MV12:MY12,"EP")=4,0,1))=0,0,IF(COUNTIF(MV12:MY12,"SP")=4,0,1)) -> 0 | MZ60: =IF(IF(IF(COUNTA(MZ12:NC12)=0, 0,IF(COUNTIF(MZ12:NC12,"Ab")=4,0,1))=0,0,IF(COUNTIF(MZ12:NC12,"EP")=4,0,1))=0,0,IF(COUNTIF(MZ12:NC12,"SP")=4,0,1)) -> 0 | ND60: =IF(IF(IF(COUNTA(ND12:NG12)=0, 0,IF(COUNTIF(ND12:NG12,"Ab")=4,0,1))=0,0,IF(COUNTIF(ND12:NG12,"EP")=4,0,1))=0,0,IF(COUNTIF(ND12:NG12,"SP")=4,0,1)) -> 0 | NH60: =IF(IF(IF(COUNTA(NH12:NK12)=0, 0,IF(COUNTIF(NH12:NK12,"Ab")=4,0,1))=0,0,IF(COUNTIF(NH12:NK12,"EP")=4,0,1))=0,0,IF(COUNTIF(NH12:NK12,"SP")=4,0,1)) -> 0 | NL60: =IF(IF(IF(COUNTA(NL12:NO12)=0, 0,IF(COUNTIF(NL12:NO12,"Ab")=4,0,1))=0,0,IF(COUNTIF(NL12:NO12,"EP")=4,0,1))=0,0,IF(COUNTIF(NL12:NO12,"SP")=4,0,1)) -> 0 | NP60: =IF(IF(IF(COUNTA(NP12:NS12)=0, 0,IF(COUNTIF(NP12:NS12,"Ab")=4,0,1))=0,0,IF(COUNTIF(NP12:NS12,"EP")=4,0,1))=0,0,IF(COUNTIF(NP12:NS12,"SP")=4,0,1)) -> 0 | NT60: =IF(IF(IF(COUNTA(NT12:NW12)=0, 0,IF(COUNTIF(NT12:NW12,"Ab")=4,0,1))=0,0,IF(COUNTIF(NT12:NW12,"EP")=4,0,1))=0,0,IF(COUNTIF(NT12:NW12,"SP")=4,0,1)) -> 0 | NX60: =IF(IF(IF(COUNTA(NX12:OA12)=0, 0,IF(COUNTIF(NX12:OA12,"Ab")=4,0,1))=0,0,IF(COUNTIF(NX12:OA12,"EP")=4,0,1))=0,0,IF(COUNTIF(NX12:OA12,"SP")=4,0,1)) -> 0 | OB60: =IF(IF(IF(COUNTA(OB12:OE12)=0, 0,IF(COUNTIF(OB12:OE12,"Ab")=4,0,1))=0,0,IF(COUNTIF(OB12:OE12,"EP")=4,0,1))=0,0,IF(COUNTIF(OB12:OE12,"SP")=4,0,1)) -> 0 | OF60: =IF(IF(IF(COUNTA(OF12:OI12)=0, 0,IF(COUNTIF(OF12:OI12,"Ab")=4,0,1))=0,0,IF(COUNTIF(OF12:OI12,"EP")=4,0,1))=0,0,IF(COUNTIF(OF12:OI12,"SP")=4,0,1)) -> 0 | OJ60: =IF(IF(IF(COUNTA(OJ12:OM12)=0, 0,IF(COUNTIF(OJ12:OM12,"Ab")=4,0,1))=0,0,IF(COUNTIF(OJ12:OM12,"EP")=4,0,1))=0,0,IF(COUNTIF(OJ12:OM12,"SP")=4,0,1)) -> 0 | ON60: =IF(IF(IF(COUNTA(ON12:OQ12)=0, 0,IF(COUNTIF(ON12:OQ12,"Ab")=4,0,1))=0,0,IF(COUNTIF(ON12:OQ12,"EP")=4,0,1))=0,0,IF(COUNTIF(ON12:OQ12,"SP")=4,0,1)) -> 0 | OR60: =IF(IF(IF(COUNTA(OR12:OU12)=0, 0,IF(COUNTIF(OR12:OU12,"Ab")=4,0,1))=0,0,IF(COUNTIF(OR12:OU12,"EP")=4,0,1))=0,0,IF(COUNTIF(OR12:OU12,"SP")=4,0,1)) -> 0 | OV60: =IF(IF(IF(COUNTA(OV12:OY12)=0, 0,IF(COUNTIF(OV12:OY12,"Ab")=4,0,1))=0,0,IF(COUNTIF(OV12:OY12,"EP")=4,0,1))=0,0,IF(COUNTIF(OV12:OY12,"SP")=4,0,1)) -> 0 | OZ60: =IF(IF(IF(COUNTA(OZ12:PC12)=0, 0,IF(COUNTIF(OZ12:PC12,"Ab")=4,0,1))=0,0,IF(COUNTIF(OZ12:PC12,"EP")=4,0,1))=0,0,IF(COUNTIF(OZ12:PC12,"SP")=4,0,1)) -> 0 | PD60: =IF(IF(IF(COUNTA(PD12:PG12)=0, 0,IF(COUNTIF(PD12:PG12,"Ab")=4,0,1))=0,0,IF(COUNTIF(PD12:PG12,"EP")=4,0,1))=0,0,IF(COUNTIF(PD12:PG12,"SP")=4,0,1)) -> 0
